ID,Form_ID,Form,Cognateset_ID,Doubt,Cognate_Detection_Method,Source,Alignment,Alignment_Method,Alignment_Source
61-91-1-1,61-91-1,,323,false,expert,,,,
61-93-1-1,61-93-1,,325,false,expert,,,,
16-1-1-1,16-1-1,,226,false,expert,,,,
19-1-1-1,19-1-1, ,224,false,expert,,,,
6-1-1-1,6-1-1,,1,false,expert,,,,
47-1-1-1,47-1-1, ,75,false,expert,,,,
15-1-1-1,15-1-1, ,347,false,expert,,,,
30-1-1-1,30-1-1,,1,false,expert,,,,
38-1-1-1,38-1-1,,287,false,expert,,,,
11-1-1-1,11-1-1,,1,false,expert,,,,
42-1-1-1,42-1-1,,1,false,expert,,,,
43-1-1-1,43-1-1,,1,false,expert,,,,
53-1-1-1,53-1-1,,226,false,expert,,,,
54-1-1-1,54-1-1,,226,false,expert,,,,
63-1-1-1,63-1-1,,226,false,expert,,,,
64-1-1-1,64-1-1,,175,false,expert,,,,
67-1-1-1,67-1-1,,226,false,expert,,,,
71-1-1-1,71-1-1,,1,false,expert,,,,
73-1-1-1,73-1-1,,181,false,expert,,,,
74-1-1-1,74-1-1, ,224,false,expert,,,,
18-1-1-1,18-1-1, ,245,false,expert,,,,
46-1-1-1,46-1-1,,1,false,expert,,,,
51-1-1-1,51-1-1,,1,false,expert,,,,
14-1-1-1,14-1-1,,1,false,expert,,,,
55-1-1-1,55-1-1,,287,false,expert,,,,
61-1-1-1,61-1-1,,1,false,expert,,,,
75-1-1-1,75-1-1,,226,false,expert,,,,
7-1-1-1,7-1-1, ,347,false,expert,,,,
25-1-1-1,25-1-1,,1,false,expert,,,,
60-1-1-1,60-1-1,,287,false,expert,,,,
31-1-1-1,31-1-1,,1,false,expert,,,,
76-1-1-1,76-1-1,,1,false,expert,,,,
12-1-1-1,12-1-1,,1,false,expert,,,,
32-1-1-1,32-1-1,,1,false,expert,,,,
32-1-2-1,32-1-2,,287,false,expert,,,,
33-1-1-1,33-1-1,,287,false,expert,,,,
28-1-1-1,28-1-1,,287,false,expert,,,,
5-1-1-1,5-1-1,,1,false,expert,,,,
37-1-1-1,37-1-1,,1,false,expert,,,,
46-2-1-1,46-2-1,,141,false,expert,,,,
25-2-1-1,25-2-1,,141,false,expert,,,,
16-77-1-1,16-77-1,,334,false,expert,,,,
19-3-1-1,19-3-1, ,2,false,expert,,,,
6-3-1-1,6-3-1,,29,false,expert,,,,
47-3-1-1,47-3-1, ,209,false,expert,,,,
15-3-1-1,15-3-1, ,2,false,expert,,,,
30-3-1-1,30-3-1,,294,false,expert,,,,
38-3-1-1,38-3-1,,29,false,expert,,,,
11-3-1-1,11-3-1,,29,false,expert,,,,
42-3-1-1,42-3-1,,29,false,expert,,,,
43-3-1-1,43-3-1,,29,false,expert,,,,
53-3-1-1,53-3-1,,294,false,expert,,,,
54-3-1-1,54-3-1,,294,false,expert,,,,
63-3-1-1,63-3-1,,294,false,expert,,,,
64-3-1-1,64-3-1,,182,false,expert,,,,
67-77-1-1,67-77-1,,334,false,expert,,,,
71-3-1-1,71-3-1,,29,false,expert,,,,
73-3-1-1,73-3-1,,182,false,expert,,,,
74-3-1-1,74-3-1, ,209,false,expert,,,,
18-3-1-1,18-3-1, ,209,false,expert,,,,
46-3-1-1,46-3-1,,29,false,expert,,,,
51-3-1-1,51-3-1,,29,false,expert,,,,
14-3-1-1,14-3-1,,29,false,expert,,,,
55-3-1-1,55-3-1,,29,false,expert,,,,
61-3-1-1,61-3-1,,29,false,expert,,,,
75-77-1-1,75-77-1,,334,false,expert,,,,
7-3-1-1,7-3-1, ,208,false,expert,,,,
25-3-1-1,25-3-1,,29,false,expert,,,,
60-3-1-1,60-3-1,,29,false,expert,,,,
31-3-1-1,31-3-1,,29,false,expert,,,,
76-3-1-1,76-3-1,,294,false,expert,,,,
12-3-1-1,12-3-1,,29,false,expert,,,,
74-3-2-1,74-3-2, ,208,false,expert,,,,
32-3-1-1,32-3-1,,29,false,expert,,,,
33-3-1-1,33-3-1,,29,false,expert,,,,
28-3-1-1,28-3-1,,29,false,expert,,,,
5-3-1-1,5-3-1,,29,false,expert,,,,
37-3-1-1,37-3-1,,29,false,expert,,,,
19-4-1-1,19-4-1,,86,false,expert,,,,
6-4-1-1,6-4-1,,86,false,expert,,,,
47-4-1-1,47-4-1,,195,false,expert,,,,
15-4-1-1,15-4-1,,195,false,expert,,,,
30-4-1-1,30-4-1,,195,false,expert,,,,
38-4-1-1,38-4-1,,86,false,expert,,,,
11-4-1-1,11-4-1,,86,false,expert,,,,
42-4-1-1,42-4-1,,86,false,expert,,,,
53-4-1-1,53-4-1,,86,false,expert,,,,
54-4-1-1,54-4-1,,195,false,expert,,,,
63-4-1-1,63-4-1,,195,false,expert,,,,
64-4-1-1,64-4-1,,86,false,expert,,,,
71-4-1-1,71-4-1,,86,false,expert,,,,
73-4-1-1,73-4-1,,86,false,expert,,,,
74-4-1-1,74-4-1,,195,false,expert,,,,
18-4-1-1,18-4-1,,195,false,expert,,,,
46-4-1-1,46-4-1,,195,false,expert,,,,
51-4-1-1,51-4-1,,86,false,expert,,,,
14-4-1-1,14-4-1,,86,false,expert,,,,
55-4-1-1,55-4-1,,86,false,expert,,,,
7-4-1-1,7-4-1,,195,false,expert,,,,
25-4-1-1,25-4-1,,86,false,expert,,,,
60-4-1-1,60-4-1,,195,false,expert,,,,
31-4-1-1,31-4-1,,86,false,expert,,,,
76-4-1-1,76-4-1,,86,false,expert,,,,
12-4-1-1,12-4-1,,86,false,expert,,,,
32-4-1-1,32-4-1,,86,false,expert,,,,
33-4-1-1,33-4-1,,86,false,expert,,,,
28-4-1-1,28-4-1,,86,false,expert,,,,
5-4-1-1,5-4-1,,86,false,expert,,,,
37-4-1-1,37-4-1,,86,false,expert,,,,
16-5-1-1,16-5-1,,23,false,expert,,,,
67-5-1-1,67-5-1,,23,false,expert,,,,
71-5-1-1,71-5-1,,177,false,expert,,,,
61-5-1-1,61-5-1,,311,false,expert,,,,
75-5-1-1,75-5-1,,23,false,expert,,,,
16-6-1-1,16-6-1,,154,false,expert,,,,
19-6-1-1,19-6-1, ,247,false,expert,,,,
6-6-1-1,6-6-1,,261,false,expert,,,,
47-6-1-1,47-6-1, ,247,false,expert,,,,
15-6-1-1,15-6-1, ,247,false,expert,,,,
30-6-1-1,30-6-1,,111,false,expert,,,,
38-6-1-1,38-6-1,,261,false,expert,,,,
11-6-1-1,11-6-1,,261,false,expert,,,,
42-6-1-1,42-6-1,,261,false,expert,,,,
43-6-1-1,43-6-1,,201,false,expert,,,,
53-6-1-1,53-6-1,,154,false,expert,,,,
54-6-1-1,54-6-1,,200,false,expert,,,,
63-6-1-1,63-6-1,,200,false,expert,,,,
64-6-1-1,64-6-1,,296,false,expert,,,,
67-6-1-1,67-6-1,,154,false,expert,,,,
71-6-1-1,71-6-1,,261,false,expert,,,,
73-6-1-1,73-6-1,,215,false,expert,,,,
18-6-1-1,18-6-1, ,247,false,expert,,,,
46-6-1-1,46-6-1,,180,false,expert,,,,
51-6-1-1,51-6-1,,261,false,expert,,,,
14-6-1-1,14-6-1,,261,false,expert,,,,
55-6-1-1,55-6-1,,261,false,expert,,,,
61-6-1-1,61-6-1,,3,false,expert,,,,
61-6-2-1,61-6-2,,261,false,expert,,,,
75-6-1-1,75-6-1,,154,false,expert,,,,
7-6-1-1,7-6-1, ,247,false,expert,,,,
25-6-1-1,25-6-1,,261,false,expert,,,,
60-6-1-1,60-6-1,,261,false,expert,,,,
31-6-1-1,31-6-1,,261,false,expert,,,,
76-6-1-1,76-6-1,,198,false,expert,,,,
12-6-1-1,12-6-1,,192,false,expert,,,,
74-6-1-1,74-6-1, ,247,false,expert,,,,
32-6-1-1,32-6-1,,261,false,expert,,,,
33-6-1-1,33-6-1,,261,false,expert,,,,
28-6-1-1,28-6-1,,261,false,expert,,,,
5-6-1-1,5-6-1,,261,false,expert,,,,
37-6-1-1,37-6-1,,261,false,expert,,,,
18-7-1-1,18-7-1, ,249,false,expert,,,,
16-8-1-1,16-8-1,,204,false,expert,,,,
19-8-1-1,19-8-1, ,33,false,expert,,,,
6-8-1-1,6-8-1,,297,false,expert,,,,
47-8-1-1,47-8-1, ,95,false,expert,,,,
15-8-1-1,15-8-1, ,211,false,expert,,,,
30-8-1-1,30-8-1,,204,false,expert,,,,
38-8-1-1,38-8-1,,281,false,expert,,,,
11-8-1-1,11-8-1,,297,false,expert,,,,
42-8-1-1,42-8-1,,297,false,expert,,,,
43-8-1-1,43-8-1,,297,false,expert,,,,
43-13-1-1,43-13-1,,28,false,expert,,,,
53-8-1-1,53-8-1,,204,false,expert,,,,
54-8-1-1,54-8-1,,204,false,expert,,,,
63-8-1-1,63-8-1,,204,false,expert,,,,
64-8-1-1,64-8-1,,206,false,expert,,,,
67-8-1-1,67-8-1,,204,false,expert,,,,
71-8-1-1,71-8-1,,298,false,expert,,,,
73-8-1-1,73-8-1,,216,false,expert,,,,
74-8-1-1,74-8-1, ,227,false,expert,,,,
18-8-1-1,18-8-1,,250,false,expert,,,,
46-8-1-1,46-8-1,,297,false,expert,,,,
51-8-1-1,51-8-1,,281,false,expert,,,,
14-8-1-1,14-8-1,,281,false,expert,,,,
55-8-1-1,55-8-1,,281,false,expert,,,,
75-8-1-1,75-8-1,,204,false,expert,,,,
7-8-1-1,7-8-1, ,95,false,expert,,,,
25-8-1-1,25-8-1,,297,false,expert,,,,
60-8-1-1,60-8-1,,297,false,expert,,,,
31-8-1-1,31-8-1,,281,false,expert,,,,
76-8-1-1,76-8-1,,298,false,expert,,,,
12-8-1-1,12-8-1,,281,false,expert,,,,
74-8-2-1,74-8-2, ,212,false,expert,,,,
32-8-1-1,32-8-1,,281,false,expert,,,,
33-8-1-1,33-8-1,,281,false,expert,,,,
28-8-1-1,28-8-1,,216,false,expert,,,,
5-8-1-1,5-8-1,,297,false,expert,,,,
37-8-1-1,37-8-1,,297,false,expert,,,,
16-9-1-1,16-9-1,,214,false,expert,,,,
19-9-1-1,19-9-1, ,34,false,expert,,,,
6-9-1-1,6-9-1,,300,false,expert,,,,
47-9-1-1,47-9-1, ,79,false,expert,,,,
15-9-1-1,15-9-1, ,79,false,expert,,,,
30-9-1-1,30-9-1,,214,false,expert,,,,
38-9-1-1,38-9-1,,150,false,expert,,,,
11-9-1-1,11-9-1,,300,false,expert,,,,
42-9-1-1,42-9-1,,300,false,expert,,,,
43-9-1-1,43-9-1,,150,false,expert,,,,
53-9-1-1,53-9-1,,214,false,expert,,,,
54-9-1-1,54-9-1,,214,false,expert,,,,
63-9-1-1,63-9-1,,150,false,expert,,,,
64-9-1-1,64-9-1,,150,false,expert,,,,
67-9-1-1,67-9-1,,214,false,expert,,,,
71-9-1-1,71-9-1,,150,false,expert,,,,
73-9-1-1,73-9-1,,302,false,expert,,,,
74-9-1-1,74-9-1, ,228,false,expert,,,,
18-9-1-1,18-9-1, ,251,false,expert,,,,
46-9-1-1,46-9-1,,150,false,expert,,,,
51-9-1-1,51-9-1,,300,false,expert,,,,
14-9-1-1,14-9-1,,150,false,expert,,,,
55-9-1-1,55-9-1,,150,false,expert,,,,
61-9-1-1,61-9-1,,150,false,expert,,,,
75-9-1-1,75-9-1,,214,false,expert,,,,
7-9-1-1,7-9-1, ,79,false,expert,,,,
25-9-1-1,25-9-1,,150,false,expert,,,,
60-9-1-1,60-9-1,,53,false,expert,,,,
31-9-1-1,31-9-1,,150,false,expert,,,,
76-9-1-1,76-9-1,,213,false,expert,,,,
12-9-1-1,12-9-1,,213,false,expert,,,,
32-9-1-1,32-9-1,,150,false,expert,,,,
33-9-1-1,33-9-1,,150,false,expert,,,,
28-9-1-1,28-9-1,,150,false,expert,,,,
5-9-1-1,5-9-1,,150,false,expert,,,,
37-9-1-1,37-9-1,,150,false,expert,,,,
16-10-1-1,16-10-1,,4,false,expert,,,,
19-10-1-1,19-10-1, ,109,false,expert,,,,
6-10-1-1,6-10-1,,60,false,expert,,,,
47-10-1-1,47-10-1, ,80,false,expert,,,,
15-10-1-1,15-10-1, ,80,false,expert,,,,
30-10-1-1,30-10-1,,60,false,expert,,,,
38-10-1-1,38-10-1,,60,false,expert,,,,
11-10-1-1,11-10-1,,60,false,expert,,,,
42-10-1-1,42-10-1,,60,false,expert,,,,
43-10-1-1,43-10-1,,4,false,expert,,,,
53-10-1-1,53-10-1,,156,false,expert,,,,
54-10-1-1,54-10-1,,71,false,expert,,,,
63-10-1-1,63-10-1,,71,false,expert,,,,
64-10-1-1,64-10-1,,186,false,expert,,,,
67-10-1-1,67-10-1,,4,false,expert,,,,
71-10-1-1,71-10-1,,60,false,expert,,,,
73-10-1-1,73-10-1,,186,false,expert,,,,
74-10-1-1,74-10-1, ,80,false,expert,,,,
18-10-1-1,18-10-1, ,80,false,expert,,,,
46-10-1-1,46-10-1,,218,false,expert,,,,
51-10-1-1,51-10-1,,60,false,expert,,,,
14-10-1-1,14-10-1,,60,false,expert,,,,
55-10-1-1,55-10-1,,60,false,expert,,,,
61-10-1-1,61-10-1,,60,false,expert,,,,
75-10-1-1,75-10-1,,4,false,expert,,,,
7-10-1-1,7-10-1, ,80,false,expert,,,,
25-10-1-1,25-10-1,,60,false,expert,,,,
60-10-1-1,60-10-1,,69,false,expert,,,,
31-10-1-1,31-10-1,,60,false,expert,,,,
76-10-1-1,76-10-1,,218,false,expert,,,,
12-10-1-1,12-10-1,,60,false,expert,,,,
74-10-2-1,74-10-2, ,109,false,expert,,,,
32-10-1-1,32-10-1,,60,false,expert,,,,
33-10-1-1,33-10-1,,60,false,expert,,,,
28-10-1-1,28-10-1,,60,false,expert,,,,
5-10-1-1,5-10-1,,60,false,expert,,,,
37-10-1-1,37-10-1,,60,false,expert,,,,
75-11-1-1,75-11-1,,125,false,expert,,,,
19-13-1-1,19-13-1, ,36,false,expert,,,,
6-13-1-1,6-13-1,,145,false,expert,,,,
47-13-1-1,47-13-1, ,96,false,expert,,,,
15-13-1-1,15-13-1, ,96,false,expert,,,,
30-13-1-1,30-13-1,,113,false,expert,,,,
38-13-1-1,38-13-1,,28,false,expert,,,,
11-13-1-1,11-13-1,,145,false,expert,,,,
42-13-1-1,42-13-1,,145,false,expert,,,,
53-13-1-1,53-13-1,,299,false,expert,,,,
54-13-1-1,54-13-1,,167,false,expert,,,,
63-13-1-1,63-13-1,,167,false,expert,,,,
64-13-1-1,64-13-1,,187,false,expert,,,,
71-13-1-1,71-13-1,,205,false,expert,,,,
73-13-1-1,73-13-1,,187,false,expert,,,,
74-13-1-1,74-13-1, ,230,false,expert,,,,
18-13-1-1,18-13-1, ,252,false,expert,,,,
46-13-1-1,46-13-1,,145,false,expert,,,,
51-13-1-1,51-13-1,,145,false,expert,,,,
14-13-1-1,14-13-1,,221,false,expert,,,,
55-13-1-1,55-13-1,,210,false,expert,,,,
61-13-1-1,61-13-1,,145,false,expert,,,,
7-13-1-1,7-13-1, ,96,false,expert,,,,
25-13-1-1,25-13-1,,145,false,expert,,,,
60-13-1-1,60-13-1,,57,false,expert,,,,
31-13-1-1,31-13-1,,145,false,expert,,,,
76-13-1-1,76-13-1,,145,false,expert,,,,
12-13-1-1,12-13-1,,145,false,expert,,,,
32-13-1-1,32-13-1,,145,false,expert,,,,
33-13-1-1,33-13-1,,221,false,expert,,,,
28-13-1-1,28-13-1,,113,false,expert,,,,
5-13-1-1,5-13-1,,145,false,expert,,,,
37-13-1-1,37-13-1,,221,false,expert,,,,
16-78-1-1,16-78-1,,199,false,expert,,,,
19-14-1-1,19-14-1,,82,false,expert,,,,
6-14-1-1,6-14-1,,279,false,expert,,,,
47-14-1-1,47-14-1,,82,false,expert,,,,
15-14-1-1,15-14-1, ,97,false,expert,,,,
30-14-1-1,30-14-1,,279,false,expert,,,,
38-14-1-1,38-14-1,,279,false,expert,,,,
11-14-1-1,11-14-1,,279,false,expert,,,,
42-14-1-1,42-14-1,,279,false,expert,,,,
43-14-1-1,43-14-1,,279,false,expert,,,,
53-14-1-1,53-14-1,,279,false,expert,,,,
54-14-1-1,54-14-1,,279,false,expert,,,,
63-14-1-1,63-14-1,,279,false,expert,,,,
64-14-1-1,64-14-1,,279,false,expert,,,,
67-78-1-1,67-78-1,,199,false,expert,,,,
71-14-1-1,71-14-1,,279,false,expert,,,,
73-14-1-1,73-14-1,,279,false,expert,,,,
74-14-1-1,74-14-1, ,140,false,expert,,,,
18-14-1-1,18-14-1,,82,false,expert,,,,
46-14-1-1,46-14-1,,279,false,expert,,,,
51-14-1-1,51-14-1,,279,false,expert,,,,
14-14-1-1,14-14-1,,279,false,expert,,,,
55-14-1-1,55-14-1,,279,false,expert,,,,
75-78-1-1,75-78-1,,199,false,expert,,,,
75-14-1-1,75-14-1,,279,false,expert,,,,
7-14-1-1,7-14-1, ,97,false,expert,,,,
25-14-1-1,25-14-1,,279,false,expert,,,,
60-14-1-1,60-14-1,,279,false,expert,,,,
31-14-1-1,31-14-1,,279,false,expert,,,,
76-14-1-1,76-14-1,,279,false,expert,,,,
12-14-1-1,12-14-1,,279,false,expert,,,,
32-14-1-1,32-14-1,,279,false,expert,,,,
33-14-1-1,33-14-1,,279,false,expert,,,,
28-14-1-1,28-14-1,,301,false,expert,,,,
5-14-1-1,5-14-1,,279,false,expert,,,,
37-14-1-1,37-14-1,,279,false,expert,,,,
16-28-1-1,16-28-1,,288,false,expert,,,,
67-28-1-1,67-28-1,,288,false,expert,,,,
75-28-1-1,75-28-1,,288,false,expert,,,,
75-83-1-1,75-83-1,,391,false,expert,,,,
67-85-1-1,67-85-1,,169,false,expert,,,,
16-84-1-1,16-84-1,,231,false,expert,,,,
67-84-1-1,67-84-1,,203,false,expert,,,,
75-84-1-1,75-84-1,,203,false,expert,,,,
19-15-1-1,19-15-1,,280,false,expert,,,,
6-15-1-1,6-15-1,,280,false,expert,,,,
47-15-1-1,47-15-1, ,83,false,expert,,,,
15-15-1-1,15-15-1, ,98,false,expert,,,,
30-15-1-1,30-15-1,,31,false,expert,,,,
38-15-1-1,38-15-1,,280,false,expert,,,,
11-15-1-1,11-15-1,,280,false,expert,,,,
42-15-1-1,42-15-1,,280,false,expert,,,,
53-15-1-1,53-15-1,,280,false,expert,,,,
54-15-1-1,54-15-1,,280,false,expert,,,,
63-15-1-1,63-15-1,,280,false,expert,,,,
64-15-1-1,64-15-1,,219,false,expert,,,,
71-15-1-1,71-15-1,,280,false,expert,,,,
73-15-1-1,73-15-1,,219,false,expert,,,,
74-15-1-1,74-15-1, ,83,false,expert,,,,
18-15-1-1,18-15-1,,253,false,expert,,,,
46-15-1-1,46-15-1,,280,false,expert,,,,
51-15-1-1,51-15-1,,280,false,expert,,,,
14-15-1-1,14-15-1,,280,false,expert,,,,
55-15-1-1,55-15-1,,280,false,expert,,,,
61-15-1-1,61-15-1,,280,false,expert,,,,
7-15-1-1,7-15-1, ,98,false,expert,,,,
25-15-1-1,25-15-1,,280,false,expert,,,,
60-15-1-1,60-15-1,,280,false,expert,,,,
31-15-1-1,31-15-1,,280,false,expert,,,,
32-15-1-1,32-15-1,,280,false,expert,,,,
33-15-1-1,33-15-1,,280,false,expert,,,,
28-15-1-1,28-15-1,,304,false,expert,,,,
5-15-1-1,5-15-1,,280,false,expert,,,,
37-15-1-1,37-15-1,,280,false,expert,,,,
16-16-1-1,16-16-1,,232,false,expert,,,,
19-16-1-1,19-16-1, ,99,false,expert,,,,
6-16-1-1,6-16-1,,62,false,expert,,,,
47-16-1-1,47-16-1, ,99,false,expert,,,,
15-16-1-1,15-16-1, ,99,false,expert,,,,
30-16-1-1,30-16-1,,232,false,expert,,,,
38-16-1-1,38-16-1,,62,false,expert,,,,
11-16-1-1,11-16-1,,62,false,expert,,,,
42-16-1-1,42-16-1,,62,false,expert,,,,
43-16-1-1,43-16-1,,62,false,expert,,,,
53-16-1-1,53-16-1,,232,false,expert,,,,
54-16-1-1,54-16-1,,232,false,expert,,,,
63-16-1-1,63-16-1,,232,false,expert,,,,
64-16-1-1,64-16-1,,62,false,expert,,,,
67-16-1-1,67-16-1,,232,false,expert,,,,
71-16-1-1,71-16-1,,312,false,expert,,,,
73-16-1-1,73-16-1,,62,false,expert,,,,
18-16-1-1,18-16-1, ,99,false,expert,,,,
46-16-1-1,46-16-1,,62,false,expert,,,,
51-16-1-1,51-16-1,,62,false,expert,,,,
14-16-1-1,14-16-1,,62,false,expert,,,,
55-16-1-1,55-16-1,,62,false,expert,,,,
61-16-1-1,61-16-1,,62,false,expert,,,,
75-16-1-1,75-16-1,,232,false,expert,,,,
7-16-1-1,7-16-1, ,99,false,expert,,,,
25-16-1-1,25-16-1,,62,false,expert,,,,
60-16-1-1,60-16-1,,62,false,expert,,,,
31-16-1-1,31-16-1,,62,false,expert,,,,
74-16-1-1,74-16-1, ,110,false,expert,,,,
32-16-1-1,32-16-1,,62,false,expert,,,,
33-16-1-1,33-16-1,,62,false,expert,,,,
28-16-1-1,28-16-1,,62,false,expert,,,,
5-16-1-1,5-16-1,,62,false,expert,,,,
37-16-1-1,37-16-1,,62,false,expert,,,,
61-17-1-1,61-17-1,,313,false,expert,,,,
16-18-1-1,16-18-1,,11,false,expert,,,,
19-18-1-1,19-18-1,,282,false,expert,,,,
6-18-1-1,6-18-1,,282,false,expert,,,,
47-18-1-1,47-18-1,,282,false,expert,,,,
15-18-1-1,15-18-1, ,100,false,expert,,,,
30-18-1-1,30-18-1,,282,false,expert,,,,
38-18-1-1,38-18-1,,282,false,expert,,,,
11-18-1-1,11-18-1,,282,false,expert,,,,
42-18-1-1,42-18-1,,282,false,expert,,,,
43-18-1-1,43-18-1,,11,false,expert,,,,
53-18-1-1,53-18-1,,282,false,expert,,,,
54-18-1-1,54-18-1,,282,false,expert,,,,
63-18-1-1,63-18-1,,282,false,expert,,,,
64-18-1-1,64-18-1,,282,false,expert,,,,
67-18-1-1,67-18-1,,11,false,expert,,,,
71-18-1-1,71-18-1,,282,false,expert,,,,
73-18-1-1,73-18-1,,273,false,expert,,,,
74-18-1-1,74-18-1,,282,false,expert,,,,
18-18-1-1,18-18-1,,282,false,expert,,,,
46-18-1-1,46-18-1,,282,false,expert,,,,
51-18-1-1,51-18-1,,282,false,expert,,,,
14-18-1-1,14-18-1,,282,false,expert,,,,
55-18-1-1,55-18-1,,282,false,expert,,,,
61-18-1-1,61-18-1,,282,false,expert,,,,
75-18-1-1,75-18-1,,11,false,expert,,,,
7-18-1-1,7-18-1, ,100,false,expert,,,,
25-18-1-1,25-18-1,,282,false,expert,,,,
60-18-1-1,60-18-1,,282,false,expert,,,,
31-18-1-1,31-18-1,,282,false,expert,,,,
76-18-1-1,76-18-1,,273,false,expert,,,,
12-18-1-1,12-18-1,,273,false,expert,,,,
32-18-1-1,32-18-1,,282,false,expert,,,,
33-18-1-1,33-18-1,,282,false,expert,,,,
28-18-1-1,28-18-1,,282,false,expert,,,,
5-18-1-1,5-18-1,,282,false,expert,,,,
37-18-1-1,37-18-1,,282,false,expert,,,,
18-19-1-1,18-19-1,,254,false,expert,,,,
55-20-1-1,55-20-1,,5,false,expert,,,,
16-21-1-1,16-21-1,,12,false,expert,,,,
19-21-1-1,19-21-1, ,122,false,expert,,,,
6-21-1-1,6-21-1,,168,false,expert,,,,
47-21-1-1,47-21-1, ,225,false,expert,,,,
15-21-1-1,15-21-1, ,225,false,expert,,,,
30-21-1-1,30-21-1,,12,false,expert,,,,
38-21-1-1,38-21-1,,9,false,expert,,,,
11-21-1-1,11-21-1,,168,false,expert,,,,
42-21-1-1,42-21-1,,168,false,expert,,,,
43-21-1-1,43-21-1,,168,false,expert,,,,
53-21-1-1,53-21-1,,22,false,expert,,,,
54-21-1-1,54-21-1,,337,false,expert,,,,
63-21-1-1,63-21-1,,338,false,expert,,,,
64-21-1-1,64-21-1,,22,false,expert,,,,
67-21-1-1,67-21-1,,12,false,expert,,,,
71-21-1-1,71-21-1,,12,false,expert,,,,
73-21-1-1,73-21-1,,22,false,expert,,,,
74-21-1-1,74-21-1, ,233,false,expert,,,,
18-21-1-1,18-21-1, ,122,false,expert,,,,
46-21-1-1,46-21-1,,168,false,expert,,,,
51-21-1-1,51-21-1,,168,false,expert,,,,
14-21-1-1,14-21-1,,168,false,expert,,,,
55-21-1-1,55-21-1,,168,false,expert,,,,
61-21-1-1,61-21-1,,168,false,expert,,,,
75-21-1-1,75-21-1,,12,false,expert,,,,
7-21-1-1,7-21-1, ,225,false,expert,,,,
25-21-1-1,25-21-1,,262,false,expert,,,,
60-21-1-1,60-21-1,,262,false,expert,,,,
31-21-1-1,31-21-1,,22,false,expert,,,,
76-21-1-1,76-21-1,,22,false,expert,,,,
12-21-1-1,12-21-1,,22,false,expert,,,,
32-21-1-1,32-21-1,,262,false,expert,,,,
33-21-1-1,33-21-1,,262,false,expert,,,,
28-21-1-1,28-21-1,,168,false,expert,,,,
5-21-1-1,5-21-1,,168,false,expert,,,,
37-21-1-1,37-21-1,,22,false,expert,,,,
61-105-1-1,61-105-1,,130,false,expert,,,,
16-13-1-1,16-13-1,,299,false,expert,,,,
19-22-1-1,19-22-1, ,85,false,expert,,,,
6-22-1-1,6-22-1,,137,false,expert,,,,
47-22-1-1,47-22-1, ,85,false,expert,,,,
15-22-1-1,15-22-1, ,85,false,expert,,,,
30-13-2-1,30-13-2,,299,false,expert,,,,
38-22-1-1,38-22-1,,255,false,expert,,,,
11-22-1-1,11-22-1,,137,false,expert,,,,
42-22-1-1,42-22-1,,137,false,expert,,,,
43-22-1-1,43-22-1,,137,false,expert,,,,
53-22-1-1,53-22-1,,255,false,expert,,,,
54-22-1-1,54-22-1,,342,false,expert,,,,
63-22-1-1,63-22-1,,342,false,expert,,,,
64-22-1-1,64-22-1,,137,false,expert,,,,
67-13-1-1,67-13-1,,299,false,expert,,,,
71-22-1-1,71-22-1,,339,false,expert,,,,
73-22-1-1,73-22-1,,255,false,expert,,,,
74-22-1-1,74-22-1, ,234,false,expert,,,,
18-22-1-1,18-22-1, ,85,false,expert,,,,
46-22-1-1,46-22-1,,137,false,expert,,,,
51-22-1-1,51-22-1,,137,false,expert,,,,
14-22-1-1,14-22-1,,137,false,expert,,,,
55-22-1-1,55-22-1,,137,false,expert,,,,
61-22-1-1,61-22-1,,137,false,expert,,,,
75-13-1-1,75-13-1,,299,false,expert,,,,
7-22-1-1,7-22-1, ,85,false,expert,,,,
25-22-1-1,25-22-1,,137,false,expert,,,,
60-22-1-1,60-22-1,,137,false,expert,,,,
31-22-1-1,31-22-1,,137,false,expert,,,,
76-22-1-1,76-22-1,,343,false,expert,,,,
12-22-1-1,12-22-1,,255,false,expert,,,,
32-22-1-1,32-22-1,,137,false,expert,,,,
33-22-1-1,33-22-1,,137,false,expert,,,,
28-22-1-1,28-22-1,,137,false,expert,,,,
5-22-1-1,5-22-1,,137,false,expert,,,,
37-22-1-1,37-22-1,,255,false,expert,,,,
18-23-1-1,18-23-1, ,256,false,expert,,,,
16-24-1-1,16-24-1,,15,false,expert,,,,
19-24-1-1,19-24-1,,43,false,expert,,,,
6-24-1-1,6-24-1,,43,false,expert,,,,
47-24-1-1,47-24-1,,43,false,expert,,,,
15-24-1-1,15-24-1, ,102,false,expert,,,,
30-24-1-1,30-24-1,,15,false,expert,,,,
38-24-1-1,38-24-1,,43,false,expert,,,,
11-24-1-1,11-24-1,,43,false,expert,,,,
42-24-1-1,42-24-1,,43,false,expert,,,,
43-24-1-1,43-24-1,,43,false,expert,,,,
53-24-1-1,53-24-1,,15,false,expert,,,,
54-24-1-1,54-24-1,,15,false,expert,,,,
63-24-1-1,63-24-1,,15,false,expert,,,,
64-24-1-1,64-24-1,,43,false,expert,,,,
67-24-1-1,67-24-1,,15,false,expert,,,,
71-24-1-1,71-24-1,,15,false,expert,,,,
73-24-1-1,73-24-1,,43,false,expert,,,,
74-24-1-1,74-24-1,,43,false,expert,,,,
18-24-1-1,18-24-1,,15,false,expert,,,,
46-24-1-1,46-24-1,,15,false,expert,,,,
51-24-1-1,51-24-1,,43,false,expert,,,,
14-24-1-1,14-24-1,,43,false,expert,,,,
55-24-1-1,55-24-1,,43,false,expert,,,,
75-24-1-1,75-24-1,,15,false,expert,,,,
7-24-1-1,7-24-1, ,102,false,expert,,,,
25-24-1-1,25-24-1,,43,false,expert,,,,
25-54-1-1,25-54-1,,392,false,expert,,,,
60-24-1-1,60-24-1,,15,false,expert,,,,
31-24-1-1,31-24-1,,43,false,expert,,,,
76-24-1-1,76-24-1,,15,false,expert,,,,
12-24-1-1,12-24-1,,15,false,expert,,,,
32-24-1-1,32-24-1,,43,false,expert,,,,
33-24-1-1,33-24-1,,43,false,expert,,,,
28-24-1-1,28-24-1,,43,false,expert,,,,
5-24-1-1,5-24-1,,43,false,expert,,,,
37-24-1-1,37-24-1,,43,false,expert,,,,
16-22-1-1,16-22-1,,137,false,expert,,,,
19-25-1-1,19-25-1, ,44,false,expert,,,,
6-25-1-1,6-25-1,,131,false,expert,,,,
47-25-1-1,47-25-1, ,103,false,expert,,,,
15-25-1-1,15-25-1, ,103,false,expert,,,,
30-22-1-1,30-22-1,,255,false,expert,,,,
38-25-1-1,38-25-1,,131,false,expert,,,,
11-25-1-1,11-25-1,,131,false,expert,,,,
42-25-1-1,42-25-1,,131,false,expert,,,,
43-25-1-1,43-25-1,,148,false,expert,,,,
53-25-1-1,53-25-1,,160,false,expert,,,,
54-25-1-1,54-25-1,,170,false,expert,,,,
63-25-1-1,63-25-1,,170,false,expert,,,,
64-25-1-1,64-25-1,,8,false,expert,,,,
67-22-1-1,67-22-1,,137,false,expert,,,,
71-25-1-1,71-25-1,,91,false,expert,,,,
73-25-1-1,73-25-1,,8,false,expert,,,,
74-25-1-1,74-25-1,,236,false,expert,,,,
18-25-1-1,18-25-1, ,44,false,expert,,,,
46-25-1-1,46-25-1,,13,false,expert,,,,
51-25-1-1,51-25-1,,346,false,expert,,,,
14-25-1-1,14-25-1,,131,false,expert,,,,
55-25-1-1,55-25-1,,131,false,expert,,,,
61-25-1-1,61-25-1,,131,false,expert,,,,
75-22-1-1,75-22-1,,255,false,expert,,,,
7-25-1-1,7-25-1, ,103,false,expert,,,,
25-25-1-1,25-25-1,,346,false,expert,,,,
60-25-1-1,60-25-1,,121,false,expert,,,,
31-25-1-1,31-25-1,,346,false,expert,,,,
31-25-2-1,31-25-2,,8,false,expert,,,,
76-25-1-1,76-25-1,,91,false,expert,,,,
12-25-1-1,12-25-1,,91,false,expert,,,,
32-25-1-1,32-25-1,,131,false,expert,,,,
33-25-1-1,33-25-1,,131,false,expert,,,,
28-25-1-1,28-25-1,,68,false,expert,,,,
5-25-1-1,5-25-1,,131,false,expert,,,,
37-25-1-1,37-25-1,,131,false,expert,,,,
43-26-1-1,43-26-1,,152,false,expert,,,,
19-27-1-1,19-27-1, ,264,false,expert,,,,
6-27-1-1,6-27-1,,132,false,expert,,,,
47-27-1-1,47-27-1, ,237,false,expert,,,,
15-27-1-1,15-27-1, ,237,false,expert,,,,
30-27-1-1,30-27-1, ,237,false,expert,,,,
38-27-1-1,38-27-1,,132,false,expert,,,,
11-27-1-1,11-27-1,,132,false,expert,,,,
42-27-1-1,42-27-1,,132,false,expert,,,,
63-27-1-1,63-27-1, ,237,false,expert,,,,
64-27-1-1,64-27-1,,191,false,expert,,,,
71-27-1-1,71-27-1,,153,false,expert,,,,
73-27-1-1,73-27-1,,191,false,expert,,,,
74-27-1-1,74-27-1, ,264,false,expert,,,,
18-27-1-1,18-27-1, ,264,false,expert,,,,
46-27-1-1,46-27-1,,132,false,expert,,,,
51-27-1-1,51-27-1,,132,false,expert,,,,
14-27-1-1,14-27-1,,132,false,expert,,,,
55-27-1-1,55-27-1,,132,false,expert,,,,
61-27-1-1,61-27-1,,132,false,expert,,,,
7-27-1-1,7-27-1, ,237,false,expert,,,,
25-27-1-1,25-27-1,,132,false,expert,,,,
60-27-1-1,60-27-1, ,237,false,expert,,,,
31-27-1-1,31-27-1,,132,false,expert,,,,
76-27-1-1,76-27-1,,70,false,expert,,,,
12-27-1-1,12-27-1,,70,false,expert,,,,
32-27-1-1,32-27-1,,132,false,expert,,,,
33-27-1-1,33-27-1,,132,false,expert,,,,
28-27-1-1,28-27-1,,132,false,expert,,,,
5-27-1-1,5-27-1,,132,false,expert,,,,
37-27-1-1,37-27-1,,132,false,expert,,,,
16-25-1-1,16-25-1,,121,false,expert,,,,
19-28-1-1,19-28-1, ,38,false,expert,,,,
6-28-1-1,6-28-1,,288,false,expert,,,,
47-28-1-1,47-28-1, ,88,false,expert,,,,
15-28-1-1,15-28-1, ,88,false,expert,,,,
30-25-1-1,30-25-1,,121,false,expert,,,,
38-28-1-1,38-28-1,,288,false,expert,,,,
11-28-1-1,11-28-1,,288,false,expert,,,,
42-28-1-1,42-28-1,,288,false,expert,,,,
43-28-1-1,43-28-1,,288,false,expert,,,,
53-28-1-1,53-28-1,,288,false,expert,,,,
54-28-1-1,54-28-1,,288,false,expert,,,,
63-28-1-1,63-28-1,,288,false,expert,,,,
64-28-1-1,64-28-1,,222,false,expert,,,,
67-25-1-1,67-25-1,,121,false,expert,,,,
71-28-1-1,71-28-1,,288,false,expert,,,,
73-28-1-1,73-28-1,,222,false,expert,,,,
74-28-1-1,74-28-1, ,238,false,expert,,,,
18-28-1-1,18-28-1,,257,false,expert,,,,
46-28-1-1,46-28-1,,288,false,expert,,,,
51-28-1-1,51-28-1,,288,false,expert,,,,
14-28-1-1,14-28-1,,288,false,expert,,,,
55-28-1-1,55-28-1,,288,false,expert,,,,
61-28-1-1,61-28-1,,288,false,expert,,,,
75-25-1-1,75-25-1,,121,false,expert,,,,
7-28-1-1,7-28-1, ,88,false,expert,,,,
25-28-1-1,25-28-1,,288,false,expert,,,,
60-28-1-1,60-28-1,,288,false,expert,,,,
31-28-1-1,31-28-1,,288,false,expert,,,,
76-28-1-1,76-28-1,,6,false,expert,,,,
12-28-1-1,12-28-1,,6,false,expert,,,,
32-28-1-1,32-28-1,,288,false,expert,,,,
33-28-1-1,33-28-1,,288,false,expert,,,,
28-28-1-1,28-28-1,,288,false,expert,,,,
5-28-1-1,5-28-1,,288,false,expert,,,,
37-28-1-1,37-28-1,,288,false,expert,,,,
55-29-1-1,55-29-1,,133,false,expert,,,,
61-101-1-1,61-101-1,,317,false,expert,,,,
16-4-1-1,16-4-1,,86,false,expert,,,,
19-30-1-1,19-30-1, ,47,false,expert,,,,
6-30-1-1,6-30-1,,289,false,expert,,,,
47-30-1-1,47-30-1, ,47,false,expert,,,,
15-30-1-1,15-30-1, ,47,false,expert,,,,
30-4-2-1,30-4-2,,86,false,expert,,,,
38-30-1-1,38-30-1,,289,false,expert,,,,
11-30-1-1,11-30-1,,289,false,expert,,,,
42-30-1-1,42-30-1,,289,false,expert,,,,
43-30-1-1,43-30-1,,289,false,expert,,,,
53-30-1-1,53-30-1,,394,false,expert,,,,
54-30-1-1,54-30-1,,266,false,expert,,,,
63-30-1-1,63-30-1,,266,false,expert,,,,
64-30-1-1,64-30-1,,193,false,expert,,,,
67-4-1-1,67-4-1,,86,false,expert,,,,
71-30-1-1,71-30-1,,266,false,expert,,,,
73-30-1-1,73-30-1,,161,false,expert,,,,
74-30-1-1,74-30-1, ,239,false,expert,,,,
18-30-1-1,18-30-1, ,239,false,expert,,,,
46-30-1-1,46-30-1,,394,false,expert,,,,
51-30-1-1,51-30-1,,353,false,expert,,,,
14-30-1-1,14-30-1,,289,false,expert,,,,
55-30-1-1,55-30-1,,289,false,expert,,,,
61-30-1-1,61-30-1,,289,false,expert,,,,
75-4-1-1,75-4-1,,86,false,expert,,,,
7-30-1-1,7-30-1, ,47,false,expert,,,,
25-30-1-1,25-30-1,,289,false,expert,,,,
60-30-1-1,60-30-1,,267,false,expert,,,,
31-30-1-1,31-30-1,,289,false,expert,,,,
76-30-1-1,76-30-1,,266,false,expert,,,,
12-30-1-1,12-30-1,,266,false,expert,,,,
32-30-1-1,32-30-1,,289,false,expert,,,,
33-30-1-1,33-30-1,,289,false,expert,,,,
28-30-1-1,28-30-1,,289,false,expert,,,,
5-30-1-1,5-30-1,,289,false,expert,,,,
37-30-1-1,37-30-1,,289,false,expert,,,,
53-31-1-1,53-31-1,,146,false,expert,,,,
30-31-1-1,30-31-1,,24,false,expert,,,,
18-31-1-1,18-31-1, ,258,false,expert,,,,
74-31-1-1,74-31-1, ,240,false,expert,,,,
11-31-1-1,11-31-1,,138,false,expert,,,,
16-31-1-1,16-31-1,,24,false,expert,,,,
67-31-1-1,67-31-1,,24,false,expert,,,,
61-31-1-1,61-31-1,,320,false,expert,,,,
75-31-1-1,75-31-1,,24,false,expert,,,,
16-32-1-1,16-32-1,,25,false,expert,,,,
67-32-1-1,67-32-1,,25,false,expert,,,,
75-32-1-1,75-32-1,,25,false,expert,,,,
16-21-2-1,16-21-2,,22,false,expert,,,,
19-33-1-1,19-33-1, ,48,false,expert,,,,
6-33-1-1,6-33-1,,268,false,expert,,,,
47-33-1-1,47-33-1, ,48,false,expert,,,,
15-33-1-1,15-33-1, ,104,false,expert,,,,
30-21-2-1,30-21-2,,22,false,expert,,,,
38-33-1-1,38-33-1,,309,false,expert,,,,
11-33-1-1,11-33-1,,290,false,expert,,,,
42-33-1-1,42-33-1,,290,false,expert,,,,
43-33-1-1,43-33-1,,147,false,expert,,,,
53-33-1-1,53-33-1,,147,false,expert,,,,
54-33-1-1,54-33-1,,309,false,expert,,,,
63-33-1-1,63-33-1,,309,false,expert,,,,
64-33-1-1,64-33-1,,194,false,expert,,,,
67-21-2-1,67-21-2,,22,false,expert,,,,
71-33-1-1,71-33-1,,309,false,expert,,,,
73-33-1-1,73-33-1,,290,false,expert,,,,
74-33-1-1,74-33-1, ,48,false,expert,,,,
18-33-1-1,18-33-1, ,48,false,expert,,,,
46-33-1-1,46-33-1,,309,false,expert,,,,
51-33-1-1,51-33-1,,290,false,expert,,,,
14-33-1-1,14-33-1,,309,false,expert,,,,
55-33-1-1,55-33-1,,268,false,expert,,,,
61-33-1-1,61-33-1,,357,false,expert,,,,
75-21-2-1,75-21-2,,22,false,expert,,,,
61-33-2-1,61-33-2,,268,false,expert,,,,
7-33-1-1,7-33-1, ,104,false,expert,,,,
25-33-1-1,25-33-1,,290,false,expert,,,,
60-33-1-1,60-33-1,,20,false,expert,,,,
31-33-1-1,31-33-1,,290,false,expert,,,,
76-33-1-1,76-33-1,,309,false,expert,,,,
12-33-1-1,12-33-1,,309,false,expert,,,,
32-33-1-1,32-33-1,,20,false,expert,,,,
33-33-1-1,33-33-1,,20,false,expert,,,,
33-33-2-1,33-33-2,,309,false,expert,,,,
28-33-1-1,28-33-1,,358,false,expert,,,,
5-33-1-1,5-33-1,,268,false,expert,,,,
37-33-1-1,37-33-1,,309,false,expert,,,,
43-34-1-1,43-34-1,,176,false,expert,,,,
46-34-1-1,46-34-1,,165,false,expert,,,,
61-34-1-1,61-34-1,,310,false,expert,,,,
16-35-1-1,16-35-1,,291,false,expert,,,,
67-35-1-1,67-35-1,,291,false,expert,,,,
75-35-1-1,75-35-1,,291,false,expert,,,,
19-35-1-1,19-35-1, ,259,false,expert,,,,
6-35-1-1,6-35-1,,291,false,expert,,,,
47-35-1-1,47-35-1,,89,false,expert,,,,
15-35-1-1,15-35-1, ,105,false,expert,,,,
30-78-1-1,30-78-1,,199,false,expert,,,,
38-35-1-1,38-35-1,,291,false,expert,,,,
11-35-1-1,11-35-1,,291,false,expert,,,,
42-35-1-1,42-35-1,,291,false,expert,,,,
53-35-1-1,53-35-1,,163,false,expert,,,,
54-35-1-1,54-35-1,,17,false,expert,,,,
63-35-1-1,63-35-1,,10,false,expert,,,,
64-35-1-1,64-35-1,,291,false,expert,,,,
71-35-1-1,71-35-1,,10,false,expert,,,,
73-35-1-1,73-35-1,,291,false,expert,,,,
74-35-1-1,74-35-1,,89,false,expert,,,,
18-35-1-1,18-35-1, ,259,false,expert,,,,
46-35-1-1,46-35-1,,291,false,expert,,,,
51-35-1-1,51-35-1,,291,false,expert,,,,
14-35-1-1,14-35-1,,291,false,expert,,,,
55-35-1-1,55-35-1,,291,false,expert,,,,
7-35-1-1,7-35-1, ,105,false,expert,,,,
25-35-1-1,25-35-1,,291,false,expert,,,,
60-35-1-1,60-35-1,,291,false,expert,,,,
31-35-1-1,31-35-1,,291,false,expert,,,,
32-35-1-1,32-35-1,,291,false,expert,,,,
33-35-1-1,33-35-1,,291,false,expert,,,,
28-35-1-1,28-35-1,,291,false,expert,,,,
5-35-1-1,5-35-1,,291,false,expert,,,,
37-35-1-1,37-35-1,,291,false,expert,,,,
16-3-1-1,16-3-1,,294,false,expert,,,,
19-36-1-1,19-36-1,,292,false,expert,,,,
6-36-1-1,6-36-1,,292,false,expert,,,,
47-36-1-1,47-36-1,,292,false,expert,,,,
15-36-1-1,15-36-1, ,106,false,expert,,,,
30-36-1-1,30-36-1,,292,false,expert,,,,
38-36-1-1,38-36-1,,292,false,expert,,,,
11-36-1-1,11-36-1,,292,false,expert,,,,
42-36-1-1,42-36-1,,292,false,expert,,,,
53-36-1-1,53-36-1,,292,false,expert,,,,
54-36-1-1,54-36-1,,292,false,expert,,,,
63-36-1-1,63-36-1,,292,false,expert,,,,
64-36-1-1,64-36-1,,292,false,expert,,,,
67-3-1-1,67-3-1,,29,false,expert,,,,
71-36-1-1,71-36-1,,292,false,expert,,,,
73-36-1-1,73-36-1,,292,false,expert,,,,
74-36-1-1,74-36-1,,292,false,expert,,,,
18-36-1-1,18-36-1,,292,false,expert,,,,
46-36-1-1,46-36-1,,292,false,expert,,,,
51-36-1-1,51-36-1,,292,false,expert,,,,
14-36-1-1,14-36-1,,292,false,expert,,,,
55-36-1-1,55-36-1,,292,false,expert,,,,
75-3-1-1,75-3-1,,294,false,expert,,,,
7-36-1-1,7-36-1, ,106,false,expert,,,,
25-36-1-1,25-36-1,,292,false,expert,,,,
60-36-1-1,60-36-1,,292,false,expert,,,,
31-36-1-1,31-36-1,,292,false,expert,,,,
76-35-1-1,76-35-1,,291,false,expert,,,,
12-35-1-1,12-35-1,,291,false,expert,,,,
32-36-1-1,32-36-1,,292,false,expert,,,,
33-36-1-1,33-36-1,,292,false,expert,,,,
28-36-1-1,28-36-1,,292,false,expert,,,,
5-36-1-1,5-36-1,,292,false,expert,,,,
37-36-1-1,37-36-1,,292,false,expert,,,,
19-37-1-1,19-37-1, ,51,false,expert,,,,
6-37-1-1,6-37-1,,293,false,expert,,,,
47-37-1-1,47-37-1, ,90,false,expert,,,,
15-37-1-1,15-37-1, ,90,false,expert,,,,
30-37-1-1,30-37-1,,293,false,expert,,,,
38-37-1-1,38-37-1,,293,false,expert,,,,
11-37-1-1,11-37-1,,293,false,expert,,,,
42-37-1-1,42-37-1,,293,false,expert,,,,
63-37-1-1,63-37-1,,293,false,expert,,,,
64-37-1-1,64-37-1,,293,false,expert,,,,
71-37-1-1,71-37-1,,293,false,expert,,,,
73-37-1-1,73-37-1,,293,false,expert,,,,
74-37-1-1,74-37-1, ,51,false,expert,,,,
18-37-1-1,18-37-1, ,51,false,expert,,,,
46-37-1-1,46-37-1,,293,false,expert,,,,
51-37-1-1,51-37-1,,293,false,expert,,,,
14-37-1-1,14-37-1,,293,false,expert,,,,
55-37-1-1,55-37-1,,293,false,expert,,,,
61-24-1-1,61-24-1,,43,false,expert,,,,
7-37-1-1,7-37-1, ,90,false,expert,,,,
25-37-1-1,25-37-1,,293,false,expert,,,,
60-37-1-1,60-37-1,,293,false,expert,,,,
31-37-1-1,31-37-1,,293,false,expert,,,,
32-37-1-1,32-37-1,,114,false,expert,,,,
33-37-1-1,33-37-1,,293,false,expert,,,,
28-37-1-1,28-37-1,,114,false,expert,,,,
5-37-1-1,5-37-1,,293,false,expert,,,,
37-37-1-1,37-37-1,,293,false,expert,,,,
16-38-1-1,16-38-1,,306,false,expert,,,,
43-38-1-1,43-38-1,,78,false,expert,,,,
67-38-1-1,67-38-1,,306,false,expert,,,,
75-38-1-1,75-38-1,,364,false,expert,,,,
19-38-1-1,19-38-1, ,52,false,expert,,,,
6-38-1-1,6-38-1,,306,false,expert,,,,
47-38-1-1,47-38-1, ,52,false,expert,,,,
15-38-1-1,15-38-1, ,52,false,expert,,,,
30-38-1-1,30-38-1, ,52,false,expert,,,,
38-38-1-1,38-38-1,,363,false,expert,,,,
11-38-1-1,11-38-1,,306,false,expert,,,,
42-38-1-1,42-38-1,,306,false,expert,,,,
43-38-2-1,43-38-2,,40,false,expert,,,,
63-38-1-1,63-38-1, ,52,false,expert,,,,
64-38-1-1,64-38-1,,196,false,expert,,,,
71-38-1-1,71-38-1,,306,false,expert,,,,
73-38-1-1,73-38-1,,196,false,expert,,,,
74-38-1-1,74-38-1, ,52,false,expert,,,,
18-38-1-1,18-38-1, ,52,false,expert,,,,
46-38-1-1,46-38-1,,26,false,expert,,,,
51-38-1-1,51-38-1,,64,false,expert,,,,
14-38-1-1,14-38-1,,306,false,expert,,,,
55-38-1-1,55-38-1,,64,false,expert,,,,
7-38-1-1,7-38-1, ,52,false,expert,,,,
25-38-1-1,25-38-1,,306,false,expert,,,,
60-38-1-1,60-38-1,,27,false,expert,,,,
31-38-1-1,31-38-1,,306,false,expert,,,,
31-38-2-1,31-38-2,,27,false,expert,,,,
76-38-1-1,76-38-1,,173,false,expert,,,,
12-38-1-1,12-38-1,,173,false,expert,,,,
32-38-1-1,32-38-1,,64,false,expert,,,,
33-38-1-1,33-38-1,,306,false,expert,,,,
28-38-1-1,28-38-1,,306,false,expert,,,,
5-38-1-1,5-38-1,,173,false,expert,,,,
37-38-1-1,37-38-1,,173,false,expert,,,,
37-38-2-1,37-38-2, ,362,false,expert,,,,
16-40-1-1,16-40-1,,295,false,expert,,,,
43-40-1-1,43-40-1,,295,false,expert,,,,
67-40-1-1,67-40-1,,295,false,expert,,,,
75-40-1-1,75-40-1,,295,false,expert,,,,
19-40-1-1,19-40-1, ,243,false,expert,,,,
6-40-1-1,6-40-1,,295,false,expert,,,,
47-40-1-1,47-40-1, ,269,false,expert,,,,
15-40-1-1,15-40-1, ,107,false,expert,,,,
30-40-1-1,30-40-1,,295,false,expert,,,,
38-40-1-1,38-40-1,,295,false,expert,,,,
11-40-1-1,11-40-1,,295,false,expert,,,,
42-40-1-1,42-40-1,,295,false,expert,,,,
54-40-1-1,54-40-1,,158,false,expert,,,,
63-40-1-1,63-40-1,,158,false,expert,,,,
64-40-1-1,64-40-1,,295,false,expert,,,,
71-40-1-1,71-40-1,,241,false,expert,,,,
73-40-1-1,73-40-1,,223,false,expert,,,,
74-40-1-1,74-40-1, ,243,false,expert,,,,
18-40-1-1,18-40-1,,295,false,expert,,,,
46-40-1-1,46-40-1,,158,false,expert,,,,
51-40-1-1,51-40-1,,295,false,expert,,,,
14-40-1-1,14-40-1,,295,false,expert,,,,
55-40-1-1,55-40-1,,295,false,expert,,,,
61-8-1-1,61-8-1,,297,false,expert,,,,
61-40-1-1,61-40-1,,295,false,expert,,,,
7-40-1-1,7-40-1, ,107,false,expert,,,,
25-40-1-1,25-40-1,,295,false,expert,,,,
60-40-1-1,60-40-1,,270,false,expert,,,,
31-40-1-1,31-40-1,,295,false,expert,,,,
76-40-1-1,76-40-1,,295,false,expert,,,,
12-40-1-1,12-40-1,,295,false,expert,,,,
32-40-1-1,32-40-1,,295,false,expert,,,,
33-40-1-1,33-40-1,,295,false,expert,,,,
28-40-1-1,28-40-1,,295,false,expert,,,,
5-40-1-1,5-40-1,,295,false,expert,,,,
37-40-1-1,37-40-1,,295,false,expert,,,,
75-41-1-1,75-41-1,,139,false,expert,,,,
16-42-1-1,16-42-1,,272,false,expert,,,,
19-42-1-1,19-42-1, ,49,false,expert,,,,
6-42-1-1,6-42-1,,18,false,expert,,,,
47-42-1-1,47-42-1, ,92,false,expert,,,,
15-42-1-1,15-42-1, ,92,false,expert,,,,
30-42-1-1,30-42-1,,18,false,expert,,,,
38-42-1-1,38-42-1,,18,false,expert,,,,
11-42-1-1,11-42-1,,18,false,expert,,,,
42-42-1-1,42-42-1,,18,false,expert,,,,
43-42-1-1,43-42-1,,143,false,expert,,,,
53-42-1-1,53-42-1,,164,false,expert,,,,
54-42-1-1,54-42-1,,271,false,expert,,,,
63-42-1-1,63-42-1,,18,false,expert,,,,
64-42-1-1,64-42-1,,18,false,expert,,,,
67-42-1-1,67-42-1,,272,false,expert,,,,
71-42-1-1,71-42-1,,67,false,expert,,,,
73-42-1-1,73-42-1,,19,false,expert,,,,
74-42-1-1,74-42-1, ,244,false,expert,,,,
18-42-1-1,18-42-1, ,260,false,expert,,,,
46-42-1-1,46-42-1,,45,false,expert,,,,
51-42-1-1,51-42-1,,18,false,expert,,,,
14-42-1-1,14-42-1,,18,false,expert,,,,
55-42-1-1,55-42-1,,18,false,expert,,,,
61-42-1-1,61-42-1,,318,false,expert,,,,
75-42-1-1,75-42-1,,272,false,expert,,,,
7-42-1-1,7-42-1, ,92,false,expert,,,,
25-42-1-1,25-42-1,,18,false,expert,,,,
60-42-1-1,60-42-1,,18,false,expert,,,,
31-42-1-1,31-42-1,,18,false,expert,,,,
76-42-1-1,76-42-1,,67,false,expert,,,,
12-42-1-1,12-42-1,,67,false,expert,,,,
32-42-1-1,32-42-1,,18,false,expert,,,,
33-42-1-1,33-42-1,,18,false,expert,,,,
28-42-1-1,28-42-1,,18,false,expert,,,,
5-42-1-1,5-42-1,,18,false,expert,,,,
37-42-1-1,37-42-1,,18,false,expert,,,,
18-43-1-1,18-43-1, ,172,false,expert,,,,
16-43-1-1,16-43-1,,7,false,expert,,,,
67-43-1-1,67-43-1,,7,false,expert,,,,
61-43-1-1,61-43-1,,319,false,expert,,,,
75-43-1-1,75-43-1,,7,false,expert,,,,
46-44-1-1,46-44-1,,120,false,expert,,,,
30-45-1-1,30-45-1,,178,false,expert,,,,
11-45-1-1,11-45-1,,370,false,expert,,,,
73-45-1-1,73-45-1,,184,false,expert,,,,
73-46-1-1,73-46-1,,77,false,expert,,,,
74-47-1-1,74-47-1, ,87,false,expert,,,,
14-47-1-1,14-47-1,,188,false,expert,,,,
46-48-1-1,46-48-1,,123,false,expert,,,,
46-50-1-1,46-50-1,,126,false,expert,,,,
55-51-1-1,55-51-1,,129,false,expert,,,,
63-52-1-1,63-52-1,,372,false,expert,,,,
46-52-1-1,46-52-1,,84,false,expert,,,,
30-81-1-1,30-81-1,,174,false,expert,,,,
30-53-1-1,30-53-1,,116,false,expert,,,,
11-53-1-1,11-53-1,,155,false,expert,,,,
73-53-1-1,73-53-1,,371,false,expert,,,,
74-53-1-1,74-53-1, ,235,false,expert,,,,
46-53-1-1,46-53-1,,171,false,expert,,,,
46-55-1-1,46-55-1,,72,false,expert,,,,
30-84-1-1,30-84-1,,203,false,expert,,,,
11-56-1-1,11-56-1,,73,false,expert,,,,
74-56-1-1,74-56-1, ,242,false,expert,,,,
46-57-1-1,46-57-1,,16,false,expert,,,,
53-58-1-1,53-58-1,,179,false,expert,,,,
63-59-1-1,63-59-1,,183,false,expert,,,,
63-60-1-1,63-60-1,,197,false,expert,,,,
18-60-1-1,18-60-1,,124,false,expert,,,,
53-5-1-1,53-5-1,,81,false,expert,,,,
18-61-1-1,18-61-1,,190,false,expert,,,,
18-62-1-1,18-62-1, ,248,false,expert,,,,
53-63-1-1,53-63-1,,55,false,expert,,,,
74-64-1-1,74-64-1, ,229,false,expert,,,,
53-65-1-1,53-65-1,,30,false,expert,,,,
53-66-1-1,53-66-1,,127,false,expert,,,,
74-14-2-1,74-14-2,,82,false,expert,,,,
53-67-1-1,53-67-1,,56,false,expert,,,,
53-68-1-1,53-68-1,,128,false,expert,,,,
63-69-1-1,63-69-1,,108,false,expert,,,,
63-70-1-1,63-70-1,,142,false,expert,,,,
53-71-1-1,53-71-1,,93,false,expert,,,,
63-72-1-1,63-72-1,,41,false,expert,,,,
53-73-1-1,53-73-1,,65,false,expert,,,,
63-74-1-1,63-74-1,,112,false,expert,,,,
63-75-1-1,63-75-1,,115,false,expert,,,,
53-43-1-1,53-43-1,,50,false,expert,,,,
43-24-2-1,43-24-2,,43,false,expert,,,,
16-79-1-1,16-79-1,,66,false,expert,,,,
67-79-1-1,67-79-1,,66,false,expert,,,,
75-79-1-1,75-79-1,,66,false,expert,,,,
16-80-1-1,16-80-1,,340,false,expert,,,,
67-80-1-1,67-80-1,,340,false,expert,,,,
67-81-1-1,67-81-1,,174,false,expert,,,,
16-82-1-1,16-82-1,,54,false,expert,,,,
67-82-1-1,67-82-1,,54,false,expert,,,,
75-82-1-1,75-82-1,,54,false,expert,,,,
67-83-1-1,67-83-1,,202,false,expert,,,,
61-8-2-1,61-8-2,,297,false,expert,,,,
61-88-1-1,61-88-1,,316,false,expert,,,,
61-89-1-1,61-89-1,,321,false,expert,,,,
61-90-1-1,61-90-1,,322,false,expert,,,,
61-92-1-1,61-92-1,,324,false,expert,,,,
61-94-1-1,61-94-1,,326,false,expert,,,,
61-96-1-1,61-96-1,,42,false,expert,,,,
61-107-1-1,61-107-1,,331,false,expert,,,,
10-24-1-1,10-24-1,,43,false,expert,,,,
10-35-1-1,10-35-1,,291,false,expert,,,,
10-8-1-1,10-8-1,,297,false,expert,,,,
10-14-1-1,10-14-1,,279,false,expert,,,,
10-15-1-1,10-15-1,,280,false,expert,,,,
10-25-1-1,10-25-1,,131,false,expert,,,,
10-6-1-1,10-6-1,,261,false,expert,,,,
10-10-1-1,10-10-1,,60,false,expert,,,,
10-33-1-1,10-33-1,,309,false,expert,,,,
10-16-1-1,10-16-1,,62,false,expert,,,,
10-21-1-1,10-21-1,,22,false,expert,,,,
10-22-1-1,10-22-1,,255,false,expert,,,,
10-18-1-1,10-18-1,,282,false,expert,,,,
10-28-1-1,10-28-1,,288,false,expert,,,,
10-30-1-1,10-30-1,,289,false,expert,,,,
10-9-1-1,10-9-1,,150,false,expert,,,,
10-36-1-1,10-36-1,,292,false,expert,,,,
10-37-1-1,10-37-1,,293,false,expert,,,,
10-13-1-1,10-13-1,,145,false,expert,,,,
10-38-1-1,10-38-1,,173,false,expert,,,,
10-40-1-1,10-40-1,,295,false,expert,,,,
10-42-1-1,10-42-1,,18,false,expert,,,,
40-1-1-1,40-1-1,,1,false,expert,,,,
40-3-1-1,40-3-1,,294,false,expert,,,,
40-4-1-1,40-4-1,,195,false,expert,,,,
40-6-1-1,40-6-1,,261,false,expert,,,,
40-8-1-1,40-8-1,,297,false,expert,,,,
40-9-1-1,40-9-1,,150,false,expert,,,,
40-10-1-1,40-10-1,,218,false,expert,,,,
40-13-1-1,40-13-1,,118,false,expert,,,,
40-15-1-1,40-15-1,,280,false,expert,,,,
40-16-1-1,40-16-1,,62,false,expert,,,,
40-18-1-1,40-18-1,,282,false,expert,,,,
40-21-1-1,40-21-1,,22,false,expert,,,,
40-22-1-1,40-22-1,,255,false,expert,,,,
40-24-1-1,40-24-1,,15,false,expert,,,,
40-25-1-1,40-25-1,,13,false,expert,,,,
40-27-1-1,40-27-1,,132,false,expert,,,,
40-28-1-1,40-28-1,,288,false,expert,,,,
40-76-1-1,40-76-1,,166,false,expert,,,,
40-30-1-1,40-30-1,,266,false,expert,,,,
40-33-1-1,40-33-1,,309,false,expert,,,,
40-35-1-1,40-35-1,,291,false,expert,,,,
40-36-1-1,40-36-1,,292,false,expert,,,,
40-37-1-1,40-37-1,,293,false,expert,,,,
40-38-1-1,40-38-1,,173,false,expert,,,,
40-40-1-1,40-40-1,,158,false,expert,,,,
40-42-1-1,40-42-1,,272,false,expert,,,,
4-1-1-1,4-1-1,,1,false,expert,,,,
4-3-1-1,4-3-1,,29,false,expert,,,,
4-4-1-1,4-4-1,,86,false,expert,,,,
4-6-1-1,4-6-1,,261,false,expert,,,,
4-8-1-1,4-8-1,,297,false,expert,,,,
4-9-1-1,4-9-1,,150,false,expert,,,,
4-10-1-1,4-10-1,,60,false,expert,,,,
4-13-1-1,4-13-1,,145,false,expert,,,,
4-14-1-1,4-14-1,,279,false,expert,,,,
4-15-1-1,4-15-1,,280,false,expert,,,,
4-16-1-1,4-16-1,,62,false,expert,,,,
4-18-1-1,4-18-1,,282,false,expert,,,,
4-21-1-1,4-21-1,,168,false,expert,,,,
4-22-1-1,4-22-1,,137,false,expert,,,,
4-24-1-1,4-24-1,,43,false,expert,,,,
4-25-1-1,4-25-1,,131,false,expert,,,,
4-27-1-1,4-27-1,,132,false,expert,,,,
4-28-1-1,4-28-1,,288,false,expert,,,,
4-30-1-1,4-30-1,,289,false,expert,,,,
4-33-1-1,4-33-1,,268,false,expert,,,,
4-35-1-1,4-35-1,,291,false,expert,,,,
4-36-1-1,4-36-1,,292,false,expert,,,,
4-37-1-1,4-37-1,,293,false,expert,,,,
4-38-1-1,4-38-1,,173,false,expert,,,,
4-40-1-1,4-40-1,,295,false,expert,,,,
4-42-1-1,4-42-1,,18,false,expert,,,,
34-1-1-1,34-1-1,,1,false,expert,,,,
34-3-1-1,34-3-1,,294,false,expert,,,,
34-4-1-1,34-4-1,,86,false,expert,,,,
34-6-1-1,34-6-1,,261,false,expert,,,,
34-8-1-1,34-8-1,,297,false,expert,,,,
34-9-1-1,34-9-1,,150,false,expert,,,,
34-10-1-1,34-10-1,,60,false,expert,,,,
34-13-1-1,34-13-1,,221,false,expert,,,,
34-14-1-1,34-14-1,,279,false,expert,,,,
34-15-1-1,34-15-1,,280,false,expert,,,,
34-16-1-1,34-16-1,,232,false,expert,,,,
34-18-1-1,34-18-1,,282,false,expert,,,,
34-21-1-1,34-21-1,,22,false,expert,,,,
34-22-1-1,34-22-1,,255,false,expert,,,,
34-24-1-1,34-24-1,,43,false,expert,,,,
34-25-1-1,34-25-1,,68,false,expert,,,,
34-27-1-1,34-27-1,,132,false,expert,,,,
34-28-1-1,34-28-1,,265,false,expert,,,,
34-30-1-1,34-30-1,,289,false,expert,,,,
34-33-1-1,34-33-1,,309,false,expert,,,,
34-35-1-1,34-35-1,,291,false,expert,,,,
34-36-1-1,34-36-1,,292,false,expert,,,,
34-37-1-1,34-37-1,,293,false,expert,,,,
34-38-1-1,34-38-1,,173,false,expert,,,,
34-40-1-1,34-40-1,,295,false,expert,,,,
34-42-1-1,34-42-1,,18,false,expert,,,,
35-1-1-1,35-1-1,,1,false,expert,,,,
35-3-1-1,35-3-1,,29,false,expert,,,,
35-4-1-1,35-4-1,,86,false,expert,,,,
35-6-1-1,35-6-1,,261,false,expert,,,,
35-8-1-1,35-8-1,,297,false,expert,,,,
35-9-1-1,35-9-1,,150,false,expert,,,,
35-10-1-1,35-10-1,,60,false,expert,,,,
35-13-1-1,35-13-1,,221,false,expert,,,,
35-14-1-1,35-14-1,,279,false,expert,,,,
35-15-1-1,35-15-1,,280,false,expert,,,,
35-16-1-1,35-16-1,,232,false,expert,,,,
35-18-1-1,35-18-1,,273,false,expert,,,,
35-21-1-1,35-21-1,,336,false,expert,,,,
35-22-1-1,35-22-1,,341,false,expert,,,,
35-24-1-1,35-24-1,,43,false,expert,,,,
35-25-1-1,35-25-1,,131,false,expert,,,,
35-27-1-1,35-27-1,,132,false,expert,,,,
35-28-1-1,35-28-1,,288,false,expert,,,,
35-30-1-1,35-30-1,,289,false,expert,,,,
35-33-1-1,35-33-1,,309,false,expert,,,,
35-35-1-1,35-35-1,,291,false,expert,,,,
35-36-1-1,35-36-1,,292,false,expert,,,,
35-38-1-1,35-38-1,,173,false,expert,,,,
35-40-1-1,35-40-1,,295,false,expert,,,,
35-42-1-1,35-42-1,,18,false,expert,,,,
23-1-1-1,23-1-1,,226,false,expert,,,,
23-3-1-1,23-3-1,,294,false,expert,,,,
23-4-1-1,23-4-1,,195,false,expert,,,,
23-6-1-1,23-6-1,,180,false,expert,,,,
23-8-1-1,23-8-1,,297,false,expert,,,,
23-9-1-1,23-9-1,,150,false,expert,,,,
23-10-1-1,23-10-1,,218,false,expert,,,,
23-13-1-1,23-13-1,,285,false,expert,,,,
23-14-1-1,23-14-1,,279,false,expert,,,,
23-15-1-1,23-15-1,,280,false,expert,,,,
23-16-1-1,23-16-1,,307,false,expert,,,,
23-18-1-1,23-18-1,,282,false,expert,,,,
23-21-1-1,23-21-1,,168,false,expert,,,,
23-22-1-1,23-22-1,,137,false,expert,,,,
23-24-1-1,23-24-1,,15,false,expert,,,,
23-25-1-1,23-25-1,,13,false,expert,,,,
23-27-1-1,23-27-1,,151,false,expert,,,,
23-28-1-1,23-28-1,,288,false,expert,,,,
23-30-1-1,23-30-1,,394,false,expert,,,,
23-33-1-1,23-33-1,,309,false,expert,,,,
23-35-1-1,23-35-1,,291,false,expert,,,,
23-36-1-1,23-36-1,,46,false,expert,,,,
23-38-1-1,23-38-1,,26,false,expert,,,,
23-40-1-1,23-40-1,,158,false,expert,,,,
23-42-1-1,23-42-1,,45,false,expert,,,,
22-1-1-1,22-1-1,,226,false,expert,,,,
22-3-1-1,22-3-1,,294,false,expert,,,,
22-4-1-1,22-4-1,,195,false,expert,,,,
22-6-1-1,22-6-1,,180,false,expert,,,,
22-8-1-1,22-8-1,,297,false,expert,,,,
22-9-1-1,22-9-1,,150,false,expert,,,,
22-10-1-1,22-10-1,,218,false,expert,,,,
22-13-1-1,22-13-1,,285,false,expert,,,,
22-14-1-1,22-14-1,,279,false,expert,,,,
22-15-1-1,22-15-1,,280,false,expert,,,,
22-16-1-1,22-16-1,,232,false,expert,,,,
22-18-1-1,22-18-1,,282,false,expert,,,,
22-21-1-1,22-21-1,,168,false,expert,,,,
22-22-1-1,22-22-1,,137,false,expert,,,,
22-24-1-1,22-24-1,,15,false,expert,,,,
22-25-1-1,22-25-1,,13,false,expert,,,,
22-27-1-1,22-27-1,,151,false,expert,,,,
22-28-1-1,22-28-1,,288,false,expert,,,,
22-30-1-1,22-30-1,,394,false,expert,,,,
22-33-1-1,22-33-1,,309,false,expert,,,,
22-35-1-1,22-35-1,,291,false,expert,,,,
22-36-1-1,22-36-1,,46,false,expert,,,,
22-38-1-1,22-38-1,,26,false,expert,,,,
22-40-1-1,22-40-1,,158,false,expert,,,,
22-42-1-1,22-42-1,,45,false,expert,,,,
21-1-1-1,21-1-1,,1,false,expert,,,,
21-3-1-1,21-3-1,,294,false,expert,,,,
21-4-1-1,21-4-1,,195,false,expert,,,,
21-6-1-1,21-6-1,,180,false,expert,,,,
21-8-1-1,21-8-1,,297,false,expert,,,,
21-9-1-1,21-9-1,,150,false,expert,,,,
21-10-1-1,21-10-1,,218,false,expert,,,,
21-13-1-1,21-13-1,,285,false,expert,,,,
21-14-1-1,21-14-1,,279,false,expert,,,,
21-15-1-1,21-15-1,,280,false,expert,,,,
21-16-1-1,21-16-1,,232,false,expert,,,,
21-18-1-1,21-18-1,,282,false,expert,,,,
21-21-1-1,21-21-1,,22,false,expert,,,,
21-22-1-1,21-22-1,,255,false,expert,,,,
21-24-1-1,21-24-1,,15,false,expert,,,,
21-25-1-1,21-25-1,,13,false,expert,,,,
21-27-1-1,21-27-1,,151,false,expert,,,,
21-28-1-1,21-28-1,,288,false,expert,,,,
21-30-1-1,21-30-1,,394,false,expert,,,,
21-33-1-1,21-33-1,,309,false,expert,,,,
21-35-1-1,21-35-1,,10,false,expert,,,,
21-36-1-1,21-36-1,,46,false,expert,,,,
21-38-1-1,21-38-1,,26,false,expert,,,,
21-40-1-1,21-40-1,,158,false,expert,,,,
21-42-1-1,21-42-1,,45,false,expert,,,,
66-1-1-1,66-1-1,,1,false,expert,,,,
66-77-1-1,66-77-1,,207,false,expert,,,,
66-3-1-1,66-3-1,,294,false,expert,,,,
66-10-1-1,66-10-1,,4,false,expert,,,,
66-6-1-1,66-6-1,,154,false,expert,,,,
66-8-1-1,66-8-1,,297,false,expert,,,,
66-43-1-1,66-43-1,,7,false,expert,,,,
66-42-1-1,66-42-1,,272,false,expert,,,,
66-78-1-1,66-78-1,,199,false,expert,,,,
66-14-1-1,66-14-1,,279,false,expert,,,,
66-16-1-1,66-16-1,,307,false,expert,,,,
66-18-1-1,66-18-1,,11,false,expert,,,,
66-21-1-1,66-21-1,,12,false,expert,,,,
66-13-1-1,66-13-1,,299,false,expert,,,,
66-24-1-1,66-24-1,,15,false,expert,,,,
66-22-1-1,66-22-1,,255,false,expert,,,,
66-25-1-1,66-25-1,,13,false,expert,,,,
66-4-1-1,66-4-1,,86,false,expert,,,,
66-21-2-1,66-21-2,,22,false,expert,,,,
66-40-1-1,66-40-1,,295,false,expert,,,,
66-9-1-1,66-9-1,,217,false,expert,,,,
66-38-1-1,66-38-1,,173,false,expert,,,,
66-35-1-1,66-35-1,,291,false,expert,,,,
66-5-1-1,66-5-1,,23,false,expert,,,,
66-31-1-1,66-31-1,,24,false,expert,,,,
66-32-1-1,66-32-1,,25,false,expert,,,,
66-80-1-1,66-80-1,,340,false,expert,,,,
66-81-1-1,66-81-1,,174,false,expert,,,,
66-82-1-1,66-82-1,,117,false,expert,,,,
66-83-1-1,66-83-1,,202,false,expert,,,,
66-84-1-1,66-84-1,,203,false,expert,,,,
49-1-1-1,49-1-1,,1,false,expert,,,,
49-3-1-1,49-3-1,,29,false,expert,,,,
49-4-1-1,49-4-1,,86,false,expert,,,,
49-6-1-1,49-6-1,,261,false,expert,,,,
49-8-1-1,49-8-1,,297,false,expert,,,,
49-9-1-1,49-9-1,,150,false,expert,,,,
49-10-1-1,49-10-1,,76,false,expert,,,,
49-13-1-1,49-13-1,,28,false,expert,,,,
49-14-1-1,49-14-1,,279,false,expert,,,,
49-15-1-1,49-15-1,,280,false,expert,,,,
49-16-1-1,49-16-1,,32,false,expert,,,,
49-18-1-1,49-18-1,,58,false,expert,,,,
49-21-1-1,49-21-1,,168,false,expert,,,,
49-22-1-1,49-22-1,,137,false,expert,,,,
49-24-1-1,49-24-1,,43,false,expert,,,,
49-25-1-1,49-25-1,,91,false,expert,,,,
49-27-1-1,49-27-1,,136,false,expert,,,,
49-28-1-1,49-28-1,,288,false,expert,,,,
49-30-1-1,49-30-1,,289,false,expert,,,,
49-33-1-1,49-33-1,,20,false,expert,,,,
49-35-1-1,49-35-1,,291,false,expert,,,,
49-36-1-1,49-36-1,,292,false,expert,,,,
49-37-1-1,49-37-1,,293,false,expert,,,,
49-38-1-1,49-38-1,,64,false,expert,,,,
49-40-1-1,49-40-1,,295,false,expert,,,,
49-42-1-1,49-42-1,,18,false,expert,,,,
70-1-1-1,70-1-1,,1,false,expert,,,,
70-3-1-1,70-3-1,,294,false,expert,,,,
70-4-1-1,70-4-1,,86,false,expert,,,,
70-6-1-1,70-6-1,,261,false,expert,,,,
70-8-1-1,70-8-1,,281,false,expert,,,,
70-9-1-1,70-9-1,,213,false,expert,,,,
70-10-1-1,70-10-1,,60,false,expert,,,,
70-13-1-1,70-13-1,,145,false,expert,,,,
70-14-1-1,70-14-1,,279,false,expert,,,,
70-15-1-1,70-15-1,,280,false,expert,,,,
70-18-1-1,70-18-1,,273,false,expert,,,,
70-20-1-1,70-20-1,,332,false,expert,,,,
70-21-1-1,70-21-1,,12,false,expert,,,,
70-22-1-1,70-22-1,,339,false,expert,,,,
70-51-1-1,70-51-1,,129,false,expert,,,,
70-24-1-1,70-24-1,,15,false,expert,,,,
70-25-1-1,70-25-1,,91,false,expert,,,,
70-27-1-1,70-27-1,,153,false,expert,,,,
70-28-1-1,70-28-1,,265,false,expert,,,,
70-30-1-1,70-30-1,,266,false,expert,,,,
70-33-1-1,70-33-1,,309,false,expert,,,,
70-35-1-1,70-35-1,,10,false,expert,,,,
70-36-1-1,70-36-1,,292,false,expert,,,,
70-38-1-1,70-38-1,,173,false,expert,,,,
70-42-1-1,70-42-1,,67,false,expert,,,,
68-1-1-1,68-1-1,,1,false,expert,,,,
68-3-1-1,68-3-1,,294,false,expert,,,,
68-4-1-1,68-4-1,,86,false,expert,,,,
68-6-1-1,68-6-1,,201,false,expert,,,,
68-8-1-1,68-8-1,,281,false,expert,,,,
68-9-1-1,68-9-1,,213,false,expert,,,,
68-10-1-1,68-10-1,,60,false,expert,,,,
68-13-1-1,68-13-1,,145,false,expert,,,,
68-14-1-1,68-14-1,,279,false,expert,,,,
68-15-1-1,68-15-1,,280,false,expert,,,,
68-18-1-1,68-18-1,,273,false,expert,,,,
68-20-1-1,68-20-1,,332,false,expert,,,,
68-21-1-1,68-21-1,,12,false,expert,,,,
68-22-1-1,68-22-1,,339,false,expert,,,,
68-51-1-1,68-51-1,,129,false,expert,,,,
68-24-1-1,68-24-1,,15,false,expert,,,,
68-25-1-1,68-25-1,,91,false,expert,,,,
68-27-1-1,68-27-1,,153,false,expert,,,,
68-28-1-1,68-28-1,,265,false,expert,,,,
68-30-1-1,68-30-1,,266,false,expert,,,,
68-33-1-1,68-33-1,,309,false,expert,,,,
68-35-1-1,68-35-1,,10,false,expert,,,,
68-36-1-1,68-36-1,,292,false,expert,,,,
68-38-1-1,68-38-1,,173,false,expert,,,,
68-40-1-1,68-40-1,,241,false,expert,,,,
68-42-1-1,68-42-1,,67,false,expert,,,,
58-1-1-1,58-1-1,,1,false,expert,,,,
58-3-1-1,58-3-1,,294,false,expert,,,,
58-4-1-1,58-4-1,,195,false,expert,,,,
58-6-1-1,58-6-1,,201,false,expert,,,,
58-8-1-1,58-8-1,,297,false,expert,,,,
58-9-1-1,58-9-1,,53,false,expert,,,,
58-10-1-1,58-10-1,,60,false,expert,,,,
58-13-1-1,58-13-1,,299,false,expert,,,,
58-14-1-1,58-14-1,,279,false,expert,,,,
58-15-1-1,58-15-1,,280,false,expert,,,,
58-16-1-1,58-16-1,,232,false,expert,,,,
58-18-1-1,58-18-1,,282,false,expert,,,,
58-21-1-1,58-21-1,,22,false,expert,,,,
58-22-1-1,58-22-1,,255,false,expert,,,,
58-24-1-1,58-24-1,,15,false,expert,,,,
58-25-1-1,58-25-1,,13,false,expert,,,,
58-27-1-1,58-27-1,,151,false,expert,,,,
58-28-1-1,58-28-1,,288,false,expert,,,,
58-30-1-1,58-30-1,,394,false,expert,,,,
58-33-1-1,58-33-1,,309,false,expert,,,,
58-35-1-1,58-35-1,,291,false,expert,,,,
58-36-1-1,58-36-1,,46,false,expert,,,,
58-37-1-1,58-37-1,,21,false,expert,,,,
58-38-1-1,58-38-1,,14,false,expert,,,,
58-40-1-1,58-40-1,,158,false,expert,,,,
58-42-1-1,58-42-1,,18,false,expert,,,,
58-2-1-1,58-2-1,,141,false,expert,,,,
58-53-1-1,58-53-1,,171,false,expert,,,,
20-1-1-1,20-1-1,,1,false,expert,,,,
20-3-1-1,20-3-1,,294,false,expert,,,,
20-4-1-1,20-4-1,,195,false,expert,,,,
20-6-1-1,20-6-1,,180,false,expert,,,,
20-8-1-1,20-8-1,,297,false,expert,,,,
20-9-1-1,20-9-1,,53,false,expert,,,,
20-10-1-1,20-10-1,,218,false,expert,,,,
20-13-1-1,20-13-1,,118,false,expert,,,,
20-14-1-1,20-14-1,,279,false,expert,,,,
20-16-1-1,20-16-1,,307,false,expert,,,,
20-18-1-1,20-18-1,,282,false,expert,,,,
20-21-1-1,20-21-1,,22,false,expert,,,,
20-22-1-1,20-22-1,,255,false,expert,,,,
20-24-1-1,20-24-1,,15,false,expert,,,,
20-25-1-1,20-25-1,,13,false,expert,,,,
20-27-1-1,20-27-1,,151,false,expert,,,,
20-28-1-1,20-28-1,,288,false,expert,,,,
20-30-1-1,20-30-1,,394,false,expert,,,,
20-33-1-1,20-33-1,,309,false,expert,,,,
20-35-1-1,20-35-1,,10,false,expert,,,,
20-36-1-1,20-36-1,,46,false,expert,,,,
20-37-1-1,20-37-1,,21,false,expert,,,,
20-38-1-1,20-38-1,,173,false,expert,,,,
20-40-1-1,20-40-1,,158,false,expert,,,,
20-42-1-1,20-42-1,,45,false,expert,,,,
20-2-1-1,20-2-1,,141,false,expert,,,,
20-54-1-1,20-54-1,,37,false,expert,,,,
48-1-1-1,48-1-1,,1,false,expert,,,,
48-3-1-1,48-3-1,,29,false,expert,,,,
48-4-1-1,48-4-1,,86,false,expert,,,,
48-6-1-1,48-6-1,,261,false,expert,,,,
48-8-1-1,48-8-1,,297,false,expert,,,,
48-9-1-1,48-9-1,,150,false,expert,,,,
48-10-1-1,48-10-1,,60,false,expert,,,,
48-13-1-1,48-13-1,,145,false,expert,,,,
48-14-1-1,48-14-1,,279,false,expert,,,,
48-15-1-1,48-15-1,,280,false,expert,,,,
48-16-1-1,48-16-1,,62,false,expert,,,,
48-18-1-1,48-18-1,,282,false,expert,,,,
48-21-1-1,48-21-1,,168,false,expert,,,,
48-22-1-1,48-22-1,,137,false,expert,,,,
48-24-1-1,48-24-1,,43,false,expert,,,,
48-25-1-1,48-25-1,,346,false,expert,,,,
48-27-1-1,48-27-1,,132,false,expert,,,,
48-28-1-1,48-28-1,,288,false,expert,,,,
48-30-1-1,48-30-1,,289,false,expert,,,,
48-33-1-1,48-33-1,,290,false,expert,,,,
48-35-1-1,48-35-1,,291,false,expert,,,,
48-36-1-1,48-36-1,,292,false,expert,,,,
48-37-1-1,48-37-1,,293,false,expert,,,,
48-38-1-1,48-38-1,,173,false,expert,,,,
48-40-1-1,48-40-1,,295,false,expert,,,,
48-42-1-1,48-42-1,,18,false,expert,,,,
59-1-1-1,59-1-1,,1,false,expert,,,,
59-3-1-1,59-3-1,,294,false,expert,,,,
59-4-1-1,59-4-1,,195,false,expert,,,,
59-6-1-1,59-6-1,,180,false,expert,,,,
59-8-1-1,59-8-1,,297,false,expert,,,,
59-9-1-1,59-9-1,,150,false,expert,,,,
59-10-1-1,59-10-1,,218,false,expert,,,,
59-13-1-1,59-13-1,,285,false,expert,,,,
59-14-1-1,59-14-1,,279,false,expert,,,,
59-15-1-1,59-15-1,,280,false,expert,,,,
59-16-1-1,59-16-1,,62,false,expert,,,,
59-18-1-1,59-18-1,,282,false,expert,,,,
59-21-1-1,59-21-1,,168,false,expert,,,,
59-22-1-1,59-22-1,,137,false,expert,,,,
59-24-1-1,59-24-1,,15,false,expert,,,,
59-25-1-1,59-25-1,,131,false,expert,,,,
59-27-1-1,59-27-1,,151,false,expert,,,,
59-28-1-1,59-28-1,,288,false,expert,,,,
59-30-1-1,59-30-1,,394,false,expert,,,,
59-33-1-1,59-33-1,,309,false,expert,,,,
59-35-1-1,59-35-1,,291,false,expert,,,,
59-36-1-1,59-36-1,,292,false,expert,,,,
59-37-1-1,59-37-1,,293,false,expert,,,,
59-38-1-1,59-38-1,,26,false,expert,,,,
59-40-1-1,59-40-1,,158,false,expert,,,,
59-42-1-1,59-42-1,,18,false,expert,,,,
59-2-1-1,59-2-1,,141,false,expert,,,,
59-54-1-1,59-54-1,,135,false,expert,,,,
10-1-1-1,10-1-1,,1,false,expert,,,,
10-3-1-1,10-3-1,,294,false,expert,,,,
66-28-1-1,66-28-1,,288,false,expert,,,,
39-1-1-1,39-1-1,,1,false,expert,,,,
39-3-1-1,39-3-1,,294,false,expert,,,,
39-4-1-1,39-4-1,,195,false,expert,,,,
39-6-1-1,39-6-1,,200,false,expert,,,,
39-8-1-1,39-8-1,,297,false,expert,,,,
39-9-1-1,39-9-1,,150,false,expert,,,,
39-10-1-1,39-10-1,,218,false,expert,,,,
39-13-1-1,39-13-1,,118,false,expert,,,,
39-14-1-1,39-14-1,,279,false,expert,,,,
39-16-1-1,39-16-1,,246,false,expert,,,,
39-18-1-1,39-18-1,,282,false,expert,,,,
39-21-1-1,39-21-1,,22,false,expert,,,,
39-22-1-1,39-22-1,,255,false,expert,,,,
39-24-1-1,39-24-1,,15,false,expert,,,,
39-25-1-1,39-25-1,,13,false,expert,,,,
39-27-1-1,39-27-1,,151,false,expert,,,,
39-28-1-1,39-28-1,,288,false,expert,,,,
39-76-1-1,39-76-1,,166,false,expert,,,,
39-30-1-1,39-30-1,,266,false,expert,,,,
39-33-1-1,39-33-1,,309,false,expert,,,,
39-35-1-1,39-35-1,,291,false,expert,,,,
39-36-1-1,39-36-1,,292,false,expert,,,,
39-37-1-1,39-37-1,,293,false,expert,,,,
39-38-1-1,39-38-1,,173,false,expert,,,,
39-40-1-1,39-40-1,,295,false,expert,,,,
39-42-1-1,39-42-1,,272,false,expert,,,,
13-1-1-1,13-1-1,,1,false,expert,,,,
13-3-1-1,13-3-1,,29,false,expert,,,,
13-4-1-1,13-4-1,,86,false,expert,,,,
13-6-1-1,13-6-1,,261,false,expert,,,,
13-8-1-1,13-8-1,,297,false,expert,,,,
13-9-1-1,13-9-1,,150,false,expert,,,,
13-10-1-1,13-10-1,,60,false,expert,,,,
13-13-1-1,13-13-1,,221,false,expert,,,,
13-14-1-1,13-14-1,,279,false,expert,,,,
13-15-1-1,13-15-1,,280,false,expert,,,,
13-16-1-1,13-16-1,,62,false,expert,,,,
13-18-1-1,13-18-1,,282,false,expert,,,,
13-21-1-1,13-21-1,,22,false,expert,,,,
13-22-1-1,13-22-1,,255,false,expert,,,,
13-24-1-1,13-24-1,,43,false,expert,,,,
13-25-1-1,13-25-1,,131,false,expert,,,,
13-27-1-1,13-27-1,,132,false,expert,,,,
13-28-1-1,13-28-1,,288,false,expert,,,,
13-30-1-1,13-30-1,,289,false,expert,,,,
13-33-1-1,13-33-1,,309,false,expert,,,,
13-35-1-1,13-35-1,,291,false,expert,,,,
13-36-1-1,13-36-1,,292,false,expert,,,,
13-38-1-1,13-38-1,,173,false,expert,,,,
13-40-1-1,13-40-1,,295,false,expert,,,,
13-42-1-1,13-42-1,,18,false,expert,,,,
8-1-1-1,8-1-1,,1,false,expert,,,,
8-3-1-1,8-3-1,,294,false,expert,,,,
8-4-1-1,8-4-1,,195,false,expert,,,,
8-6-1-1,8-6-1,,261,false,expert,,,,
8-8-1-1,8-8-1,,297,false,expert,,,,
8-9-1-1,8-9-1,,150,false,expert,,,,
8-10-1-1,8-10-1,,218,false,expert,,,,
8-13-1-1,8-13-1,,118,false,expert,,,,
8-14-1-1,8-14-1,,279,false,expert,,,,
8-15-1-1,8-15-1,,280,false,expert,,,,
8-16-1-1,8-16-1,,246,false,expert,,,,
8-18-1-1,8-18-1,,282,false,expert,,,,
8-21-1-1,8-21-1,,22,false,expert,,,,
8-22-1-1,8-22-1,,255,false,expert,,,,
8-24-1-1,8-24-1,,15,false,expert,,,,
8-25-1-1,8-25-1,,13,false,expert,,,,
8-27-1-1,8-27-1,,151,false,expert,,,,
8-28-1-1,8-28-1,,288,false,expert,,,,
8-76-1-1,8-76-1,,166,false,expert,,,,
8-30-1-1,8-30-1,,266,false,expert,,,,
8-33-1-1,8-33-1,,309,false,expert,,,,
8-35-1-1,8-35-1,,291,false,expert,,,,
8-36-1-1,8-36-1,,292,false,expert,,,,
8-37-1-1,8-37-1,,293,false,expert,,,,
8-38-1-1,8-38-1,,173,false,expert,,,,
8-40-1-1,8-40-1,,295,false,expert,,,,
8-42-1-1,8-42-1,,272,false,expert,,,,
9-1-1-1,9-1-1,,1,false,expert,,,,
9-3-1-1,9-3-1,,294,false,expert,,,,
9-4-1-1,9-4-1,,195,false,expert,,,,
9-6-1-1,9-6-1,,261,false,expert,,,,
9-8-1-1,9-8-1,,297,false,expert,,,,
9-9-1-1,9-9-1,,150,false,expert,,,,
9-10-1-1,9-10-1,,218,false,expert,,,,
9-13-1-1,9-13-1,,118,false,expert,,,,
9-14-1-1,9-14-1,,279,false,expert,,,,
9-16-1-1,9-16-1,,307,false,expert,,,,
9-18-1-1,9-18-1,,282,false,expert,,,,
9-21-1-1,9-21-1,,22,false,expert,,,,
9-22-1-1,9-22-1,,255,false,expert,,,,
9-24-1-1,9-24-1,,15,false,expert,,,,
9-25-1-1,9-25-1,,13,false,expert,,,,
9-27-1-1,9-27-1,,151,false,expert,,,,
9-28-1-1,9-28-1,,288,false,expert,,,,
9-76-1-1,9-76-1,,166,false,expert,,,,
9-30-1-1,9-30-1,,266,false,expert,,,,
9-33-1-1,9-33-1,,309,false,expert,,,,
9-35-1-1,9-35-1,,291,false,expert,,,,
9-36-1-1,9-36-1,,292,false,expert,,,,
9-37-1-1,9-37-1,,293,false,expert,,,,
9-38-1-1,9-38-1,,173,false,expert,,,,
9-40-1-1,9-40-1,,295,false,expert,,,,
9-42-1-1,9-42-1,,272,false,expert,,,,
44-1-1-1,44-1-1,,1,false,expert,,,,
44-3-1-1,44-3-1,,294,false,expert,,,,
44-4-1-1,44-4-1,,195,false,expert,,,,
44-6-1-1,44-6-1,,261,false,expert,,,,
44-8-1-1,44-8-1,,297,false,expert,,,,
44-9-1-1,44-9-1,,150,false,expert,,,,
44-10-1-1,44-10-1,,218,false,expert,,,,
44-13-1-1,44-13-1,,118,false,expert,,,,
44-14-1-1,44-14-1,,279,false,expert,,,,
44-16-1-1,44-16-1,,246,false,expert,,,,
44-18-1-1,44-18-1,,282,false,expert,,,,
44-21-1-1,44-21-1,,22,false,expert,,,,
44-22-1-1,44-22-1,,255,false,expert,,,,
44-24-1-1,44-24-1,,15,false,expert,,,,
44-25-1-1,44-25-1,,13,false,expert,,,,
44-27-1-1,44-27-1,,151,false,expert,,,,
44-28-1-1,44-28-1,,288,false,expert,,,,
44-76-1-1,44-76-1,,166,false,expert,,,,
44-30-1-1,44-30-1,,266,false,expert,,,,
44-33-1-1,44-33-1,,309,false,expert,,,,
44-35-1-1,44-35-1,,291,false,expert,,,,
44-36-1-1,44-36-1,,292,false,expert,,,,
44-37-1-1,44-37-1,,293,false,expert,,,,
44-38-1-1,44-38-1,,173,false,expert,,,,
44-40-1-1,44-40-1,,295,false,expert,,,,
44-42-1-1,44-42-1,,272,false,expert,,,,
72-1-1-1,72-1-1,,181,false,expert,,,,
72-3-1-1,72-3-1,,182,false,expert,,,,
72-4-1-1,72-4-1,,86,false,expert,,,,
72-6-1-1,72-6-1,,215,false,expert,,,,
72-8-1-1,72-8-1,,216,false,expert,,,,
72-9-1-1,72-9-1,,150,false,expert,,,,
72-10-1-1,72-10-1,,186,false,expert,,,,
72-13-1-1,72-13-1,,187,false,expert,,,,
72-14-1-1,72-14-1,,279,false,expert,,,,
72-15-1-1,72-15-1,,219,false,expert,,,,
72-16-1-1,72-16-1,,59,false,expert,,,,
72-18-1-1,72-18-1,,273,false,expert,,,,
72-21-1-1,72-21-1,,22,false,expert,,,,
72-22-1-1,72-22-1,,255,false,expert,,,,
72-24-1-1,72-24-1,,43,false,expert,,,,
72-25-1-1,72-25-1,,8,false,expert,,,,
72-27-1-1,72-27-1,,191,false,expert,,,,
72-28-1-1,72-28-1,,222,false,expert,,,,
72-30-1-1,72-30-1,,193,false,expert,,,,
72-33-1-1,72-33-1,,290,false,expert,,,,
72-35-1-1,72-35-1,,291,false,expert,,,,
72-36-1-1,72-36-1,,292,false,expert,,,,
72-38-1-1,72-38-1,,196,false,expert,,,,
72-40-1-1,72-40-1,,223,false,expert,,,,
72-42-1-1,72-42-1,,19,false,expert,,,,
3-1-1-1,3-1-1,,1,false,expert,,,,
3-3-1-1,3-3-1,,29,false,expert,,,,
3-4-1-1,3-4-1,,86,false,expert,,,,
3-6-1-1,3-6-1,,261,false,expert,,,,
3-8-1-1,3-8-1,,297,false,expert,,,,
3-9-1-1,3-9-1,,150,false,expert,,,,
3-10-1-1,3-10-1,,60,false,expert,,,,
3-13-1-1,3-13-1,,145,false,expert,,,,
3-14-1-1,3-14-1,,279,false,expert,,,,
3-15-1-1,3-15-1,,280,false,expert,,,,
3-16-1-1,3-16-1,,62,false,expert,,,,
3-18-1-1,3-18-1,,282,false,expert,,,,
3-21-1-1,3-21-1,,22,false,expert,,,,
3-22-1-1,3-22-1,,255,false,expert,,,,
3-24-1-1,3-24-1,,43,false,expert,,,,
3-25-1-1,3-25-1,,131,false,expert,,,,
3-27-1-1,3-27-1,,132,false,expert,,,,
3-28-1-1,3-28-1,,288,false,expert,,,,
3-30-1-1,3-30-1,,289,false,expert,,,,
3-33-1-1,3-33-1,,268,false,expert,,,,
3-35-1-1,3-35-1,,291,false,expert,,,,
3-36-1-1,3-36-1,,292,false,expert,,,,
3-37-1-1,3-37-1,,293,false,expert,,,,
3-38-1-1,3-38-1,,173,false,expert,,,,
3-40-1-1,3-40-1,,295,false,expert,,,,
3-42-1-1,3-42-1,,18,false,expert,,,,
27-1-1-1,27-1-1,,1,false,expert,,,,
27-3-1-1,27-3-1,,29,false,expert,,,,
27-4-1-1,27-4-1,,86,false,expert,,,,
27-6-1-1,27-6-1,,261,false,expert,,,,
27-8-1-1,27-8-1,,216,false,expert,,,,
27-9-1-1,27-9-1,,150,false,expert,,,,
27-10-1-1,27-10-1,,60,false,expert,,,,
27-13-1-1,27-13-1,,145,false,expert,,,,
27-14-1-1,27-14-1,,301,false,expert,,,,
27-15-1-1,27-15-1,,280,false,expert,,,,
27-16-1-1,27-16-1,,62,false,expert,,,,
27-18-1-1,27-18-1,,282,false,expert,,,,
27-21-1-1,27-21-1,,22,false,expert,,,,
27-22-1-1,27-22-1,,255,false,expert,,,,
27-24-1-1,27-24-1,,43,false,expert,,,,
27-25-1-1,27-25-1,,68,false,expert,,,,
27-27-1-1,27-27-1,,132,false,expert,,,,
27-28-1-1,27-28-1,,288,false,expert,,,,
27-30-1-1,27-30-1,,289,false,expert,,,,
27-33-1-1,27-33-1,,309,false,expert,,,,
27-35-1-1,27-35-1,,291,false,expert,,,,
27-36-1-1,27-36-1,,292,false,expert,,,,
27-37-1-1,27-37-1,,114,false,expert,,,,
27-38-1-1,27-38-1,,173,false,expert,,,,
27-40-1-1,27-40-1,,295,false,expert,,,,
27-42-1-1,27-42-1,,18,false,expert,,,,
50-1-1-1,50-1-1,,1,false,expert,,,,
50-3-1-1,50-3-1,,29,false,expert,,,,
50-4-1-1,50-4-1,,86,false,expert,,,,
50-6-1-1,50-6-1,,261,false,expert,,,,
50-8-1-1,50-8-1,,297,false,expert,,,,
50-9-1-1,50-9-1,,150,false,expert,,,,
50-10-1-1,50-10-1,,60,false,expert,,,,
50-13-1-1,50-13-1,,221,false,expert,,,,
50-14-1-1,50-14-1,,279,false,expert,,,,
50-15-1-1,50-15-1,,280,false,expert,,,,
50-16-1-1,50-16-1,,246,false,expert,,,,
50-18-1-1,50-18-1,,282,false,expert,,,,
50-21-1-1,50-21-1,,22,false,expert,,,,
50-22-1-1,50-22-1,,255,false,expert,,,,
50-24-1-1,50-24-1,,43,false,expert,,,,
50-25-1-1,50-25-1,,346,false,expert,,,,
50-27-1-1,50-27-1,,132,false,expert,,,,
50-28-1-1,50-28-1,,288,false,expert,,,,
50-30-1-1,50-30-1,,289,false,expert,,,,
50-33-1-1,50-33-1,,309,false,expert,,,,
50-35-1-1,50-35-1,,291,false,expert,,,,
50-36-1-1,50-36-1,,292,false,expert,,,,
50-38-1-1,50-38-1,,173,false,expert,,,,
50-40-1-1,50-40-1,,295,false,expert,,,,
50-42-1-1,50-42-1,,18,false,expert,,,,
69-1-1-1,69-1-1,,1,false,expert,,,,
69-3-1-1,69-3-1,,294,false,expert,,,,
69-4-1-1,69-4-1,,86,false,expert,,,,
69-6-1-1,69-6-1,,261,false,expert,,,,
69-8-1-1,69-8-1,,281,false,expert,,,,
69-9-1-1,69-9-1,,213,false,expert,,,,
69-10-1-1,69-10-1,,60,false,expert,,,,
69-13-1-1,69-13-1,,145,false,expert,,,,
69-14-1-1,69-14-1,,279,false,expert,,,,
69-15-1-1,69-15-1,,280,false,expert,,,,
69-18-1-1,69-18-1,,273,false,expert,,,,
69-20-1-1,69-20-1,,332,false,expert,,,,
69-21-1-1,69-21-1,,12,false,expert,,,,
69-22-1-1,69-22-1,,339,false,expert,,,,
69-51-1-1,69-51-1,,129,false,expert,,,,
69-24-1-1,69-24-1,,15,false,expert,,,,
69-25-1-1,69-25-1,,91,false,expert,,,,
69-27-1-1,69-27-1,,153,false,expert,,,,
69-28-1-1,69-28-1,,265,false,expert,,,,
69-30-1-1,69-30-1,,266,false,expert,,,,
69-33-1-1,69-33-1,,309,false,expert,,,,
69-35-1-1,69-35-1,,10,false,expert,,,,
69-36-1-1,69-36-1,,292,false,expert,,,,
69-38-1-1,69-38-1,,173,false,expert,,,,
69-42-1-1,69-42-1,,67,false,expert,,,,
29-1-1-1,29-1-1,,1,false,expert,,,,
29-3-1-1,29-3-1,,294,false,expert,,,,
29-35-1-1,29-35-1,,291,false,expert,,,,
29-6-1-1,29-6-1,,111,false,expert,,,,
29-8-1-1,29-8-1,,204,false,expert,,,,
29-9-1-1,29-9-1,,214,false,expert,,,,
29-10-1-1,29-10-1,,60,false,expert,,,,
29-13-1-1,29-13-1,,113,false,expert,,,,
29-14-1-1,29-14-1,,279,false,expert,,,,
29-15-1-1,29-15-1,,31,false,expert,,,,
29-16-1-1,29-16-1,,232,false,expert,,,,
29-18-1-1,29-18-1,,282,false,expert,,,,
29-21-1-1,29-21-1,,12,false,expert,,,,
29-13-2-1,29-13-2,,299,false,expert,,,,
29-24-1-1,29-24-1,,15,false,expert,,,,
29-22-1-1,29-22-1,,255,false,expert,,,,
29-27-1-1,29-27-1,,263,false,expert,,,,
29-25-1-1,29-25-1,,121,false,expert,,,,
29-4-1-1,29-4-1,,86,false,expert,,,,
29-31-1-1,29-31-1,,24,false,expert,,,,
29-43-1-1,29-43-1,,7,false,expert,,,,
29-43-2-1,29-43-2,,101,false,expert,,,,
29-21-2-1,29-21-2,,22,false,expert,,,,
29-78-1-1,29-78-1,,199,false,expert,,,,
29-36-1-1,29-36-1,,292,false,expert,,,,
29-37-1-1,29-37-1,,293,false,expert,,,,
29-81-1-1,29-81-1,,174,false,expert,,,,
29-45-1-1,29-45-1,,178,false,expert,,,,
29-53-1-1,29-53-1,,116,false,expert,,,,
29-84-1-1,29-84-1,,203,false,expert,,,,
29-38-1-1,29-38-1,,173,false,expert,,,,
29-40-1-1,29-40-1,,295,false,expert,,,,
17-1-1-1,17-1-1,,1,false,expert,,,,
17-3-1-1,17-3-1,,29,false,expert,,,,
17-4-1-1,17-4-1,,86,false,expert,,,,
17-13-1-1,17-13-1,,145,false,expert,,,,
17-47-1-1,17-47-1,,189,false,expert,,,,
17-6-1-1,17-6-1,,261,false,expert,,,,
17-8-1-1,17-8-1,,298,false,expert,,,,
17-9-1-1,17-9-1,,150,false,expert,,,,
17-10-1-1,17-10-1,,60,false,expert,,,,
17-13-2-1,17-13-2,,205,false,expert,,,,
17-14-1-1,17-14-1,,279,false,expert,,,,
17-15-1-1,17-15-1,,280,false,expert,,,,
17-16-1-1,17-16-1,,312,false,expert,,,,
17-18-1-1,17-18-1,,282,false,expert,,,,
17-20-1-1,17-20-1,,5,false,expert,,,,
17-21-1-1,17-21-1,,9,false,expert,,,,
17-22-1-1,17-22-1,,339,false,expert,,,,
17-51-1-1,17-51-1,,129,false,expert,,,,
17-24-1-1,17-24-1,,15,false,expert,,,,
17-25-1-1,17-25-1,,91,false,expert,,,,
17-27-1-1,17-27-1,,153,false,expert,,,,
17-28-1-1,17-28-1,,288,false,expert,,,,
17-29-1-1,17-29-1,,133,false,expert,,,,
17-30-1-1,17-30-1,,266,false,expert,,,,
17-33-1-1,17-33-1,,309,false,expert,,,,
17-35-1-1,17-35-1,,10,false,expert,,,,
17-36-1-1,17-36-1,,292,false,expert,,,,
17-37-1-1,17-37-1,,293,false,expert,,,,
17-38-1-1,17-38-1,,306,false,expert,,,,
17-40-1-1,17-40-1,,241,false,expert,,,,
17-42-1-1,17-42-1,,67,false,expert,,,,
24-1-1-1,24-1-1,,226,false,expert,,,,
24-3-1-1,24-3-1,,294,false,expert,,,,
24-4-1-1,24-4-1,,195,false,expert,,,,
24-6-1-1,24-6-1,,180,false,expert,,,,
24-8-1-1,24-8-1,,297,false,expert,,,,
24-9-1-1,24-9-1,,150,false,expert,,,,
24-10-1-1,24-10-1,,218,false,expert,,,,
24-13-1-1,24-13-1,,285,false,expert,,,,
24-14-1-1,24-14-1,,279,false,expert,,,,
24-15-1-1,24-15-1,,280,false,expert,,,,
24-16-1-1,24-16-1,,232,false,expert,,,,
24-18-1-1,24-18-1,,282,false,expert,,,,
24-21-1-1,24-21-1,,168,false,expert,,,,
24-22-1-1,24-22-1,,137,false,expert,,,,
24-24-1-1,24-24-1,,15,false,expert,,,,
24-25-1-1,24-25-1,,13,false,expert,,,,
24-27-1-1,24-27-1,,151,false,expert,,,,
24-28-1-1,24-28-1,,288,false,expert,,,,
24-30-1-1,24-30-1,,394,false,expert,,,,
24-33-1-1,24-33-1,,309,false,expert,,,,
24-35-1-1,24-35-1,,291,false,expert,,,,
24-36-1-1,24-36-1,,46,false,expert,,,,
24-37-1-1,24-37-1,,74,false,expert,,,,
24-38-1-1,24-38-1,,26,false,expert,,,,
24-40-1-1,24-40-1,,158,false,expert,,,,
24-42-1-1,24-42-1,,45,false,expert,,,,
24-2-1-1,24-2-1,,141,false,expert,,,,
24-54-1-1,24-54-1,,135,false,expert,,,,
24-46-1-1,24-46-1,,134,false,expert,,,,
41-1-1-1,41-1-1,,1,false,expert,,,,
41-45-1-1,41-45-1,,178,false,expert,,,,
41-3-1-1,41-3-1,,294,false,expert,,,,
41-4-1-1,41-4-1,,195,false,expert,,,,
41-5-1-1,41-5-1,,149,false,expert,,,,
41-6-1-1,41-6-1,,180,false,expert,,,,
41-8-1-1,41-8-1,,297,false,expert,,,,
41-9-1-1,41-9-1,,150,false,expert,,,,
41-10-1-1,41-10-1,,218,false,expert,,,,
41-13-1-1,41-13-1,,118,false,expert,,,,
41-14-1-1,41-14-1,,279,false,expert,,,,
41-15-1-1,41-15-1,,280,false,expert,,,,
41-16-1-1,41-16-1,,232,false,expert,,,,
41-18-1-1,41-18-1,,282,false,expert,,,,
41-21-1-1,41-21-1,,22,false,expert,,,,
41-22-1-1,41-22-1,,255,false,expert,,,,
41-24-1-1,41-24-1,,15,false,expert,,,,
41-53-1-1,41-53-1,,373,false,expert,,,,
41-25-1-1,41-25-1,,13,false,expert,,,,
41-27-1-1,41-27-1,,132,false,expert,,,,
41-28-1-1,41-28-1,,288,false,expert,,,,
41-30-1-1,41-30-1,,394,false,expert,,,,
41-31-1-1,41-31-1,,61,false,expert,,,,
41-33-1-1,41-33-1,,309,false,expert,,,,
41-35-1-1,41-35-1,,291,false,expert,,,,
41-56-1-1,41-56-1,,63,false,expert,,,,
41-36-1-1,41-36-1,,292,false,expert,,,,
41-37-1-1,41-37-1,,293,false,expert,,,,
41-38-1-1,41-38-1,,157,false,expert,,,,
41-40-1-1,41-40-1,,158,false,expert,,,,
41-42-1-1,41-42-1,,272,false,expert,,,,
45-1-1-1,45-1-1,,1,false,expert,,,,
45-3-1-1,45-3-1,,294,false,expert,,,,
45-4-1-1,45-4-1,,195,false,expert,,,,
45-6-1-1,45-6-1,,180,false,expert,,,,
45-8-1-1,45-8-1,,297,false,expert,,,,
45-9-1-1,45-9-1,,53,false,expert,,,,
45-10-1-1,45-10-1,,35,false,expert,,,,
45-13-1-1,45-13-1,,145,false,expert,,,,
45-14-1-1,45-14-1,,279,false,expert,,,,
45-16-1-1,45-16-1,,232,false,expert,,,,
45-18-1-1,45-18-1,,282,false,expert,,,,
45-21-1-1,45-21-1,,22,false,expert,,,,
45-22-1-1,45-22-1,,255,false,expert,,,,
45-24-1-1,45-24-1,,15,false,expert,,,,
45-25-1-1,45-25-1,,13,false,expert,,,,
45-27-1-1,45-27-1,,151,false,expert,,,,
45-28-1-1,45-28-1,,288,false,expert,,,,
45-30-1-1,45-30-1,,394,false,expert,,,,
45-33-1-1,45-33-1,,309,false,expert,,,,
45-35-1-1,45-35-1,,291,false,expert,,,,
45-36-1-1,45-36-1,,46,false,expert,,,,
45-38-1-1,45-38-1,,26,false,expert,,,,
45-40-1-1,45-40-1,,158,false,expert,,,,
45-42-1-1,45-42-1,,45,false,expert,,,,
45-34-1-1,45-34-1,,165,false,expert,,,,
45-2-1-1,45-2-1,,141,false,expert,,,,
45-53-1-1,45-53-1,,171,false,expert,,,,
36-1-1-1,36-1-1,,1,false,expert,,,,
36-3-1-1,36-3-1,,29,false,expert,,,,
36-4-1-1,36-4-1,,86,false,expert,,,,
36-6-1-1,36-6-1,,261,false,expert,,,,
36-8-1-1,36-8-1,,297,false,expert,,,,
36-9-1-1,36-9-1,,150,false,expert,,,,
36-10-1-1,36-10-1,,60,false,expert,,,,
36-13-1-1,36-13-1,,145,false,expert,,,,
36-14-1-1,36-14-1,,279,false,expert,,,,
36-15-1-1,36-15-1,,280,false,expert,,,,
36-16-1-1,36-16-1,,62,false,expert,,,,
36-18-1-1,36-18-1,,282,false,expert,,,,
36-21-1-1,36-21-1,,22,false,expert,,,,
36-22-1-1,36-22-1,,255,false,expert,,,,
36-24-1-1,36-24-1,,43,false,expert,,,,
36-25-1-1,36-25-1,,131,false,expert,,,,
36-27-1-1,36-27-1,,132,false,expert,,,,
36-28-1-1,36-28-1,,288,false,expert,,,,
36-30-1-1,36-30-1,,289,false,expert,,,,
36-33-1-1,36-33-1,,309,false,expert,,,,
36-35-1-1,36-35-1,,291,false,expert,,,,
36-36-1-1,36-36-1,,292,false,expert,,,,
36-37-1-1,36-37-1,,293,false,expert,,,,
36-38-1-1,36-38-1,,173,false,expert,,,,
36-38-2-1,36-38-2,,362,false,expert,,,,
36-40-1-1,36-40-1,,295,false,expert,,,,
36-42-1-1,36-42-1,,18,false,expert,,,,
57-1-1-1,57-1-1,,1,false,expert,,,,
57-3-1-1,57-3-1,,294,false,expert,,,,
57-4-1-1,57-4-1,,195,false,expert,,,,
57-6-1-1,57-6-1,,201,false,expert,,,,
57-8-1-1,57-8-1,,297,false,expert,,,,
57-9-1-1,57-9-1,,53,false,expert,,,,
57-10-1-1,57-10-1,,60,false,expert,,,,
57-13-1-1,57-13-1,,299,false,expert,,,,
57-14-1-1,57-14-1,,279,false,expert,,,,
57-15-1-1,57-15-1,,280,false,expert,,,,
57-16-1-1,57-16-1,,232,false,expert,,,,
57-18-1-1,57-18-1,,282,false,expert,,,,
57-21-1-1,57-21-1,,22,false,expert,,,,
57-22-1-1,57-22-1,,255,false,expert,,,,
57-24-1-1,57-24-1,,15,false,expert,,,,
57-25-1-1,57-25-1,,131,false,expert,,,,
57-27-1-1,57-27-1,,132,false,expert,,,,
57-28-1-1,57-28-1,,288,false,expert,,,,
57-30-1-1,57-30-1,,394,false,expert,,,,
57-33-1-1,57-33-1,,309,false,expert,,,,
57-35-1-1,57-35-1,,291,false,expert,,,,
57-36-1-1,57-36-1,,46,false,expert,,,,
57-37-1-1,57-37-1,,21,false,expert,,,,
57-38-1-1,57-38-1,,14,false,expert,,,,
57-40-1-1,57-40-1,,158,false,expert,,,,
57-42-1-1,57-42-1,,18,false,expert,,,,
57-2-1-1,57-2-1,,141,false,expert,,,,
57-53-1-1,57-53-1,,171,false,expert,,,,
71-20-1-1,71-20-1,,5,false,expert,,,,
71-51-1-1,71-51-1,,129,false,expert,,,,
71-29-1-1,71-29-1,,133,false,expert,,,,
19-44-1-1,19-44-1, ,185,false,expert,,,,
19-3-2-1,19-3-2, ,208,false,expert,,,,
19-4-2-1,19-4-2,,195,false,expert,,,,
19-8-2-1,19-8-2, ,212,false,expert,,,,
19-9-2-1,19-9-2, ,228,false,expert,,,,
19-5-1-1,19-5-1, ,119,false,expert,,,,
19-24-2-1,19-24-2,,15,false,expert,,,,
19-27-2-1,19-27-2, ,237,false,expert,,,,
19-30-2-1,19-30-2, ,159,false,expert,,,,
56-1-1-1,56-1-1, ,347,false,expert,,,,
56-3-1-1,56-3-1, ,2,false,expert,,,,
56-4-1-1,56-4-1,,195,false,expert,,,,
56-6-1-1,56-6-1, ,247,false,expert,,,,
56-8-1-1,56-8-1, ,211,false,expert,,,,
56-9-1-1,56-9-1, ,79,false,expert,,,,
56-10-1-1,56-10-1, ,80,false,expert,,,,
56-13-1-1,56-13-1, ,96,false,expert,,,,
56-14-1-1,56-14-1, ,97,false,expert,,,,
56-15-1-1,56-15-1, ,98,false,expert,,,,
56-16-1-1,56-16-1, ,99,false,expert,,,,
56-18-1-1,56-18-1, ,100,false,expert,,,,
56-21-1-1,56-21-1, ,225,false,expert,,,,
56-22-1-1,56-22-1, ,85,false,expert,,,,
56-24-1-1,56-24-1, ,102,false,expert,,,,
56-25-1-1,56-25-1, ,103,false,expert,,,,
56-27-1-1,56-27-1, ,237,false,expert,,,,
56-28-1-1,56-28-1, ,88,false,expert,,,,
56-30-1-1,56-30-1, ,351,false,expert,,,,
56-33-1-1,56-33-1, ,104,false,expert,,,,
56-35-1-1,56-35-1, ,105,false,expert,,,,
56-36-1-1,56-36-1, ,106,false,expert,,,,
56-37-1-1,56-37-1, ,90,false,expert,,,,
56-38-1-1,56-38-1, ,52,false,expert,,,,
56-40-1-1,56-40-1, ,107,false,expert,,,,
56-42-1-1,56-42-1, ,92,false,expert,,,,
62-1-1-1,62-1-1,,1,false,expert,,,,
62-3-1-1,62-3-1,,29,false,expert,,,,
62-4-1-1,62-4-1,,195,false,expert,,,,
62-6-1-1,62-6-1,,201,false,expert,,,,
62-8-1-1,62-8-1,,297,false,expert,,,,
62-9-1-1,62-9-1,,150,false,expert,,,,
62-10-1-1,62-10-1,,218,false,expert,,,,
62-13-1-1,62-13-1,,299,false,expert,,,,
62-14-1-1,62-14-1,,279,false,expert,,,,
62-16-1-1,62-16-1,,232,false,expert,,,,
62-18-1-1,62-18-1,,282,false,expert,,,,
62-21-1-1,62-21-1,,336,false,expert,,,,
62-22-1-1,62-22-1,,255,false,expert,,,,
62-24-1-1,62-24-1,,15,false,expert,,,,
62-25-1-1,62-25-1,,13,false,expert,,,,
62-28-1-1,62-28-1,,288,false,expert,,,,
62-30-1-1,62-30-1,,266,false,expert,,,,
62-33-1-1,62-33-1,,309,false,expert,,,,
62-35-1-1,62-35-1,,291,false,expert,,,,
62-37-1-1,62-37-1,,293,false,expert,,,,
62-38-1-1,62-38-1, ,365,false,expert,,,,
62-40-1-1,62-40-1,,158,false,expert,,,,
62-42-1-1,62-42-1,,18,false,expert,,,,
62-74-1-1,62-74-1,,112,false,expert,,,,
62-75-1-1,62-75-1,,115,false,expert,,,,
26-1-1-1,26-1-1,,1,false,expert,,,,
26-3-1-1,26-3-1,,29,false,expert,,,,
26-4-1-1,26-4-1,,86,false,expert,,,,
26-6-1-1,26-6-1,,261,false,expert,,,,
26-8-1-1,26-8-1,,216,false,expert,,,,
26-9-1-1,26-9-1,,150,false,expert,,,,
26-10-1-1,26-10-1,,218,false,expert,,,,
26-13-1-1,26-13-1,,145,false,expert,,,,
26-14-1-1,26-14-1,,279,false,expert,,,,
26-15-1-1,26-15-1,,280,false,expert,,,,
26-16-1-1,26-16-1,,307,false,expert,,,,
26-18-1-1,26-18-1,,282,false,expert,,,,
26-21-1-1,26-21-1,,22,false,expert,,,,
26-22-1-1,26-22-1,,255,false,expert,,,,
26-24-1-1,26-24-1,,15,false,expert,,,,
26-25-1-1,26-25-1,,68,false,expert,,,,
26-27-1-1,26-27-1,,132,false,expert,,,,
26-28-1-1,26-28-1,,288,false,expert,,,,
26-30-1-1,26-30-1,,289,false,expert,,,,
26-33-1-1,26-33-1,,309,false,expert,,,,
26-35-1-1,26-35-1,,291,false,expert,,,,
26-36-1-1,26-36-1,,292,false,expert,,,,
26-37-1-1,26-37-1,,114,false,expert,,,,
26-38-1-1,26-38-1,,173,false,expert,,,,
26-40-1-1,26-40-1,,295,false,expert,,,,
26-42-1-1,26-42-1,,18,false,expert,,,,
2-1-1-1,2-1-1,,226,false,expert,,,,
2-3-1-1,2-3-1,,29,false,expert,,,,
2-4-1-1,2-4-1,,86,false,expert,,,,
2-47-1-1,2-47-1,,189,false,expert,,,,
2-6-1-1,2-6-1,,277,false,expert,,,,
2-6-2-1,2-6-2,,261,false,expert,,,,
2-8-1-1,2-8-1,,278,false,expert,,,,
2-49-1-1,2-49-1,,377,false,expert,,,,
2-9-1-1,2-9-1,,150,false,expert,,,,
2-10-1-1,2-10-1,,286,false,expert,,,,
2-12-1-1,2-12-1,,378,false,expert,,,,
2-13-1-1,2-13-1,,283,false,expert,,,,
2-14-1-1,2-14-1,,279,false,expert,,,,
2-15-1-1,2-15-1,,280,false,expert,,,,
2-16-1-1,2-16-1,,62,false,expert,,,,
2-18-1-1,2-18-1,,58,false,expert,,,,
2-20-1-1,2-20-1,,329,false,expert,,,,
2-21-1-1,2-21-1,,12,false,expert,,,,
2-22-1-1,2-22-1,,255,false,expert,,,,
2-23-1-1,2-23-1,,345,false,expert,,,,
2-24-1-1,2-24-1,,43,false,expert,,,,
2-25-1-1,2-25-1,,8,false,expert,,,,
2-27-1-1,2-27-1,,348,false,expert,,,,
2-28-1-1,2-28-1,,220,false,expert,,,,
2-29-1-1,2-29-1,,349,false,expert,,,,
2-30-1-1,2-30-1,,353,false,expert,,,,
2-31-1-1,2-31-1,,354,false,expert,,,,
2-33-1-1,2-33-1,,162,false,expert,,,,
2-34-1-1,2-34-1,,308,false,expert,,,,
2-35-1-1,2-35-1,,291,false,expert,,,,
2-36-1-1,2-36-1,,292,false,expert,,,,
2-38-1-1,2-38-1,,361,false,expert,,,,
2-39-1-1,2-39-1,,379,false,expert,,,,
2-40-1-1,2-40-1,,295,false,expert,,,,
2-42-1-1,2-42-1,,333,false,expert,,,,
2-43-1-1,2-43-1,,369,false,expert,,,,
52-1-1-1,52-1-1,,287,false,expert,,,,
52-3-1-1,52-3-1,,276,false,expert,,,,
52-33-1-1,52-33-1,,357,false,expert,,,,
52-34-1-1,52-34-1,,359,false,expert,,,,
52-15-1-1,52-15-1,,305,false,expert,,,,
52-13-1-1,52-13-1,,284,false,expert,,,,
52-17-1-1,52-17-1,,315,false,expert,,,,
52-6-1-1,52-6-1,,3,false,expert,,,,
52-88-1-1,52-88-1,,367,false,expert,,,,
52-28-1-1,52-28-1,,303,false,expert,,,,
52-42-1-1,52-42-1,,366,false,expert,,,,
52-30-1-1,52-30-1,,350,false,expert,,,,
52-31-1-1,52-31-1,,355,false,expert,,,,
52-89-1-1,52-89-1,,374,false,expert,,,,
52-90-1-1,52-90-1,,375,false,expert,,,,
52-91-1-1,52-91-1,,274,false,expert,,,,
52-92-1-1,52-92-1,,376,false,expert,,,,
52-93-1-1,52-93-1,,275,false,expert,,,,
52-10-1-1,52-10-1,,328,false,expert,,,,
52-9-1-1,52-9-1,,144,false,expert,,,,
52-27-1-1,52-27-1,,348,false,expert,,,,
52-16-1-1,52-16-1,,314,false,expert,,,,
52-18-1-1,52-18-1,,282,false,expert,,,,
52-95-1-1,52-95-1,,381,false,expert,,,,
52-21-1-1,52-21-1,,335,false,expert,,,,
52-22-1-1,52-22-1,,344,false,expert,,,,
52-37-1-1,52-37-1,,360,false,expert,,,,
52-40-1-1,52-40-1,,295,false,expert,,,,
52-107-1-1,52-107-1,,382,false,expert,,,,
1-1-1-1,1-1-1,,1,false,expert,,,,
1-87-1-1,1-87-1,,383,false,expert,,,,
1-3-1-1,1-3-1,,29,false,expert,,,,
1-33-1-1,1-33-1,,357,false,expert,,,,
1-34-1-1,1-34-1,,359,false,expert,,,,
1-15-1-1,1-15-1,,305,false,expert,,,,
1-13-1-1,1-13-1,,145,false,expert,,,,
1-17-1-1,1-17-1,,313,false,expert,,,,
1-6-1-1,1-6-1,,3,false,expert,,,,
1-88-1-1,1-88-1,,368,false,expert,,,,
1-28-1-1,1-28-1,,303,false,expert,,,,
1-42-1-1,1-42-1,,366,false,expert,,,,
1-30-1-1,1-30-1,,352,false,expert,,,,
1-31-1-1,1-31-1,,356,false,expert,,,,
1-89-1-1,1-89-1,,374,false,expert,,,,
1-90-1-1,1-90-1,,375,false,expert,,,,
1-91-1-1,1-91-1,,323,false,expert,,,,
1-92-1-1,1-92-1,,324,false,expert,,,,
1-93-1-1,1-93-1,,325,false,expert,,,,
1-94-1-1,1-94-1,,326,false,expert,,,,
1-9-1-1,1-9-1,,144,false,expert,,,,
1-27-1-1,1-27-1,,348,false,expert,,,,
1-18-1-1,1-18-1,,282,false,expert,,,,
1-95-1-1,1-95-1,,380,false,expert,,,,
1-21-1-1,1-21-1,,330,false,expert,,,,
1-22-1-1,1-22-1,,344,false,expert,,,,
1-86-1-1,1-86-1,,393,false,expert,,,,
1-96-1-1,1-96-1,,42,false,expert,,,,
1-37-1-1,1-37-1,,360,false,expert,,,,
1-8-1-1,1-8-1,,297,false,expert,,,,
1-97-1-1,1-97-1,,384,false,expert,,,,
1-25-1-1,1-25-1,,39,false,expert,,,,
1-98-1-1,1-98-1,,327,false,expert,,,,
1-99-1-1,1-99-1,,385,false,expert,,,,
1-5-1-1,1-5-1,,311,false,expert,,,,
1-100-1-1,1-100-1,,386,false,expert,,,,
1-102-1-1,1-102-1,,387,false,expert,,,,
1-103-1-1,1-103-1,,388,false,expert,,,,
1-43-1-1,1-43-1,,94,false,expert,,,,
1-104-1-1,1-104-1,,389,false,expert,,,,
1-16-1-1,1-16-1,,62,false,expert,,,,
1-10-1-1,1-10-1,,328,false,expert,,,,
1-106-1-1,1-106-1,,390,false,expert,,,,
1-107-1-1,1-107-1,,382,false,expert,,,,
1-40-1-1,1-40-1,,295,false,expert,,,,
65-1-1-1,65-1-1,,287,false,expert,,,,
65-3-1-1,65-3-1,,29,false,expert,,,,
65-4-1-1,65-4-1,,86,false,expert,,,,
65-6-1-1,65-6-1,,201,false,expert,,,,
65-8-1-1,65-8-1,,297,false,expert,,,,
65-9-1-1,65-9-1,,300,false,expert,,,,
65-10-1-1,65-10-1,,60,false,expert,,,,
65-13-1-1,65-13-1,,145,false,expert,,,,
65-14-1-1,65-14-1,,279,false,expert,,,,
65-15-1-1,65-15-1,,280,false,expert,,,,
65-16-1-1,65-16-1,,62,false,expert,,,,
65-18-1-1,65-18-1,,282,false,expert,,,,
65-21-1-1,65-21-1,,168,false,expert,,,,
65-22-1-1,65-22-1,,137,false,expert,,,,
65-24-1-1,65-24-1,,43,false,expert,,,,
65-28-1-1,65-28-1,,288,false,expert,,,,
65-30-1-1,65-30-1,,289,false,expert,,,,
65-33-1-1,65-33-1,,268,false,expert,,,,
65-35-1-1,65-35-1,,291,false,expert,,,,
65-36-1-1,65-36-1,,292,false,expert,,,,
65-37-1-1,65-37-1,,293,false,expert,,,,
65-40-1-1,65-40-1,,295,false,expert,,,,
65-42-1-1,65-42-1,,18,false,expert,,,,
73-33-2-1,73-33-2,,194,false,expert,,,,
